speed,humidity,temperature,pressure,direction,date,weather_condition
2.1,70.82,27.55,1011.55,N,2020-01-01,unknown
2.0,72.25,27.5,1012.92,Unknown,2020-01-02,unknown
2.2,74.17,27.58,1012.08,Unknown,2020-01-03,unknown
2.45,76.75,27.42,1010.67,N,2020-01-04,unknown
2.33,72.67,28.22,1010.0,N,2020-01-05,unknown
2.0,70.5,27.5,1011.17,N,2020-01-06,unknown
2.55,68.5,28.33,1011.08,Unknown,2020-01-07,partly cloudy
2.4,75.8,27.2,1010.9,WN,2020-01-08,unknown
2.45,79.42,27.58,1011.08,N,2020-01-09,unknown
1.92,78.25,27.17,1010.75,N,2020-01-10,unknown
2.58,78.08,26.75,1011.5,E,2020-01-11,unknown
2.58,77.83,26.25,1011.0,E,2020-01-12,unknown
2.18,79.58,25.92,1010.67,N,2020-01-13,unknown
2.42,76.5,26.5,1009.92,N,2020-01-14,unknown
2.18,76.83,26.83,1010.17,Unknown,2020-01-15,unknown
2.25,80.08,26.67,1010.42,N,2020-01-16,raining
2.5,73.0,27.33,1010.67,Unknown,2020-01-17,unknown
2.36,73.83,27.0,1010.25,Unknown,2020-01-18,unknown
2.33,69.25,28.08,1010.67,W,2020-01-19,partly cloudy
2.36,71.92,27.92,1011.5,SW,2020-01-20,unknown
2.42,70.67,28.25,1011.92,N,2020-01-21,unknown
2.5,67.08,28.33,1011.83,S,2020-01-22,partly cloudy
2.42,65.75,28.08,1010.75,WN,2020-01-23,partly cloudy
2.45,69.08,27.83,1011.17,N,2020-01-24,partly cloudy
2.58,67.08,27.42,1011.5,WN,2020-01-25,partly cloudy
2.42,65.25,26.92,1011.17,N,2020-01-26,partly cloudy
2.33,66.5,26.83,1011.25,W,2020-01-27,partly cloudy
2.82,65.58,27.25,1011.42,N,2020-01-28,partly cloudy
2.0,69.7,27.1,1012.4,N,2020-01-29,partly cloudy
2.58,69.75,27.42,1011.5,W,2020-01-30,partly cloudy
2.73,71.09,27.09,1010.09,N,2020-01-31,unknown
3.0,67.33,28.0,1010.67,Unknown,2020-02-01,partly cloudy
3.09,69.67,27.33,1012.08,N,2020-02-02,partly cloudy
2.67,68.58,27.25,1012.42,N,2020-02-03,partly cloudy
2.73,69.67,27.0,1011.0,N,2020-02-04,partly cloudy
2.27,68.67,27.42,1011.25,WN,2020-02-05,partly cloudy
2.55,67.75,27.5,1011.58,Unknown,2020-02-06,partly cloudy
2.5,71.0,26.92,1012.33,WN,2020-02-07,unknown
2.75,69.5,26.67,1012.5,WN,2020-02-08,partly cloudy
2.08,68.42,27.33,1011.92,WN,2020-02-09,partly cloudy
2.42,67.08,27.75,1010.83,NE,2020-02-10,partly cloudy
2.42,66.5,28.17,1010.58,WN,2020-02-11,partly cloudy
2.25,64.67,28.58,1012.08,S,2020-02-12,partly cloudy
2.9,64.42,28.33,1012.42,WN,2020-02-13,partly cloudy
2.9,66.83,28.08,1011.17,Unknown,2020-02-14,partly cloudy
2.36,65.42,28.42,1010.58,N,2020-02-15,partly cloudy
2.73,67.25,28.25,1011.33,Unknown,2020-02-16,partly cloudy
3.0,65.67,28.67,1011.58,N,2020-02-17,partly cloudy
2.64,64.42,28.33,1011.92,Unknown,2020-02-18,partly cloudy
2.83,64.83,28.0,1011.5,W,2020-02-19,partly cloudy
2.42,64.83,27.83,1010.67,S,2020-02-20,partly cloudy
2.91,68.17,28.0,1011.58,W,2020-02-21,partly cloudy
2.55,67.92,28.83,1012.42,N,2020-02-22,partly cloudy
2.64,65.58,28.83,1012.25,ES,2020-02-23,partly cloudy
2.58,66.0,28.42,1010.08,N,2020-02-24,partly cloudy
2.91,68.67,28.33,1009.58,W,2020-02-25,partly cloudy
2.67,66.0,28.75,1009.42,WN,2020-02-26,partly cloudy
2.75,69.08,29.0,1009.83,SW,2020-02-27,partly cloudy
2.67,67.25,29.25,1008.42,N,2020-02-28,partly cloudy
2.67,65.5,29.17,1009.0,SW,2020-02-29,partly cloudy
2.44,65.11,29.78,1009.11,Unknown,2020-03-01,partly cloudy
3.0,69.33,28.42,1010.58,N,2020-03-02,partly cloudy
2.64,68.08,28.42,1010.75,Unknown,2020-03-03,partly cloudy
3.09,65.83,29.0,1009.92,WN,2020-03-04,partly cloudy
3.17,63.67,28.83,1009.25,WN,2020-03-05,partly cloudy
2.7,66.0,28.4,1009.8,WN,2020-03-06,partly cloudy
2.6,65.75,28.58,1010.92,W,2020-03-07,partly cloudy
2.5,65.58,28.83,1010.42,Unknown,2020-03-08,partly cloudy
3.2,66.5,28.92,1009.33,ES,2020-03-09,partly cloudy
2.83,65.75,29.42,1009.33,SW,2020-03-10,partly cloudy
2.92,65.33,29.08,1010.17,WN,2020-03-11,partly cloudy
3.17,65.25,28.92,1011.17,N,2020-03-12,partly cloudy
3.18,64.17,29.25,1010.75,S,2020-03-13,partly cloudy
2.92,63.5,29.0,1009.5,WN,2020-03-14,partly cloudy
3.0,65.67,29.17,1009.17,SW,2020-03-15,partly cloudy
2.33,66.42,29.33,1010.25,S,2020-03-16,partly cloudy
3.0,64.0,29.78,1010.78,Unknown,2020-03-17,partly cloudy
2.82,65.91,29.73,1010.91,S,2020-03-18,partly cloudy
2.58,65.75,29.83,1010.83,S,2020-03-19,partly cloudy
2.75,69.83,29.67,1010.92,WN,2020-03-20,partly cloudy
2.82,68.92,29.67,1010.0,Unknown,2020-03-21,partly cloudy
2.9,68.08,29.5,1010.58,ES,2020-03-22,partly cloudy
2.55,69.5,29.33,1009.75,N,2020-03-23,partly cloudy
2.92,69.33,29.08,1008.5,NE,2020-03-24,partly cloudy
1.5,76.67,27.67,1008.33,WN,2020-03-25,unknown
,,,,Unknown,2020-03-26,unknown
,,,,Unknown,2020-03-27,unknown
2.5,60.5,31.5,1009.5,Unknown,2020-03-28,unknown
3.5,64.5,31.5,1009.0,Unknown,2020-03-29,unknown
3.5,62.5,32.0,1009.5,Unknown,2020-03-30,unknown
4.0,50.0,36.0,1008.0,Unknown,2020-03-31,unknown
,,,,Unknown,2020-04-01,unknown
,,,,Unknown,2020-04-02,unknown
,,,,Unknown,2020-04-03,unknown
5.0,56.0,35.0,1008.0,Unknown,2020-04-04,unknown
6.0,63.0,33.0,1010.0,Unknown,2020-04-05,unknown
5.0,56.0,34.0,1009.0,Unknown,2020-04-06,unknown
2.0,76.5,27.5,1011.5,Unknown,2020-04-07,unknown
3.0,77.33,28.33,1010.67,N,2020-04-08,unknown
,,,,Unknown,2020-04-09,unknown
5.0,53.0,34.0,1009.0,Unknown,2020-04-10,unknown
2.0,70.0,29.0,1012.0,Unknown,2020-04-11,partly cloudy
2.0,72.67,28.67,1011.33,Unknown,2020-04-12,unknown
4.0,72.67,30.67,1008.67,Unknown,2020-04-13,unknown
4.0,63.0,34.0,1009.0,Unknown,2020-04-14,unknown
4.5,69.0,30.5,1010.0,Unknown,2020-04-15,unknown
3.0,70.33,30.0,1009.67,Unknown,2020-04-16,unknown
3.0,61.5,31.5,1008.5,WN,2020-04-17,unknown
3.5,68.0,29.0,1009.5,Unknown,2020-04-18,partly cloudy
2.33,67.67,30.0,1008.33,N,2020-04-19,partly cloudy
3.25,64.0,31.5,1007.5,E,2020-04-20,unknown
4.33,64.33,34.0,1008.0,Unknown,2020-04-21,unknown
5.0,63.0,33.0,1008.0,Unknown,2020-04-22,unknown
6.0,59.0,33.0,1006.0,Unknown,2020-04-23,unknown
1.83,70.43,29.29,1008.86,Unknown,2020-04-24,unknown
3.5,56.75,31.75,1008.25,Unknown,2020-04-25,unknown
3.5,75.0,28.25,1009.0,Unknown,2020-04-26,unknown
3.29,68.62,29.62,1009.62,Unknown,2020-04-27,partly cloudy
3.67,55.0,33.33,1007.67,Unknown,2020-04-28,unknown
2.5,62.67,29.67,1009.67,Unknown,2020-04-29,partly cloudy
2.6,60.0,30.67,1010.5,NE,2020-04-30,sunshine
4.0,53.0,34.0,1010.0,Unknown,2020-05-01,unknown
3.75,64.2,31.0,1007.6,Unknown,2020-05-02,unknown
4.25,58.5,33.25,1007.25,Unknown,2020-05-03,unknown
6.0,66.5,31.5,1008.0,Unknown,2020-05-04,unknown
4.0,75.0,30.0,1006.5,Unknown,2020-05-05,unknown
2.0,77.5,28.0,1008.5,Unknown,2020-05-06,unknown
3.75,67.5,30.25,1007.5,Unknown,2020-05-07,unknown
3.0,69.25,30.0,1007.5,Unknown,2020-05-08,partly cloudy
,,,,Unknown,2020-05-09,unknown
4.0,63.33,34.0,1006.67,Unknown,2020-05-10,unknown
3.0,77.0,28.75,1007.75,Unknown,2020-05-11,unknown
3.75,64.5,31.25,1006.25,E,2020-05-12,unknown
3.2,70.5,30.33,1007.17,Unknown,2020-05-13,unknown
3.33,71.83,30.0,1006.17,N,2020-05-14,unknown
3.0,81.5,27.5,1005.0,Unknown,2020-05-15,raining
3.33,73.83,29.83,1005.0,Unknown,2020-05-16,unknown
5.0,85.25,27.75,1004.25,Unknown,2020-05-17,raining
3.17,79.83,26.67,1004.67,Unknown,2020-05-18,unknown
4.0,79.33,28.0,1004.67,Unknown,2020-05-19,unknown
3.6,67.2,30.8,1005.6,Unknown,2020-05-20,unknown
4.5,73.0,30.0,1006.5,Unknown,2020-05-21,unknown
3.5,65.0,32.0,1006.0,Unknown,2020-05-22,unknown
2.0,74.0,29.0,1007.0,Unknown,2020-05-23,unknown
5.0,61.67,33.33,1006.67,Unknown,2020-05-24,unknown
4.25,65.75,31.75,1008.25,Unknown,2020-05-25,unknown
4.14,65.43,31.71,1008.14,Unknown,2020-05-26,unknown
3.62,71.12,30.88,1007.88,W,2020-05-27,unknown
4.25,68.62,31.12,1007.0,Unknown,2020-05-28,unknown
4.0,81.14,27.0,1007.86,NE,2020-05-29,raining
3.0,76.8,28.6,1007.8,NE,2020-05-30,unknown
3.12,73.5,29.5,1008.62,NE,2020-05-31,unknown
3.43,79.57,28.43,1009.43,Unknown,2020-06-01,unknown
2.78,87.78,25.78,1009.67,Unknown,2020-06-02,raining
2.78,85.78,26.0,1008.78,E,2020-06-03,raining
2.0,86.08,26.08,1008.67,Unknown,2020-06-04,raining
2.2,85.82,26.36,1008.55,ES,2020-06-05,raining
3.0,85.36,26.73,1008.91,E,2020-06-06,raining
2.55,85.55,25.64,1008.73,NE,2020-06-07,raining
3.71,78.71,28.0,1007.43,Unknown,2020-06-08,unknown
3.22,73.56,29.0,1007.56,WN,2020-06-09,unknown
3.0,78.67,27.44,1006.78,Unknown,2020-06-10,unknown
2.45,81.36,26.27,1005.91,N,2020-06-11,raining
2.09,87.55,25.09,1005.55,Unknown,2020-06-12,raining
2.5,87.2,25.5,1005.8,Unknown,2020-06-13,raining
2.5,87.12,25.62,1008.12,Unknown,2020-06-14,raining
2.3,81.5,26.9,1007.1,S,2020-06-15,raining
3.14,85.0,26.38,1006.5,W,2020-06-16,raining
2.22,85.78,25.56,1006.89,Unknown,2020-06-17,raining
2.58,88.5,25.42,1008.5,NE,2020-06-18,raining
2.67,85.25,26.33,1008.83,N,2020-06-19,raining
2.83,82.5,26.83,1008.58,ES,2020-06-20,raining
1.92,91.58,24.5,1008.08,NE,2020-06-21,raining
2.82,88.09,25.0,1006.91,N,2020-06-22,overcast
2.67,84.17,26.42,1007.25,S,2020-06-23,raining
2.42,82.5,27.25,1007.0,W,2020-06-24,raining
2.36,79.33,27.67,1005.67,NE,2020-06-25,unknown
2.5,87.33,25.75,1005.58,E,2020-06-26,raining
2.0,85.25,25.08,1006.42,Unknown,2020-06-27,raining
2.58,83.17,26.67,1006.17,N,2020-06-28,raining
2.55,89.92,25.92,1005.58,S,2020-06-29,raining
2.55,88.27,25.36,1006.18,N,2020-06-30,raining
2.78,81.11,26.44,1006.78,Unknown,2020-07-01,raining
2.17,91.33,24.75,1006.92,W,2020-07-02,raining
2.4,91.08,24.42,1006.92,N,2020-07-03,raining
2.27,87.18,24.82,1006.36,N,2020-07-04,overcast
3.17,84.33,25.83,1006.0,SW,2020-07-05,raining
3.42,82.33,26.75,1006.0,SW,2020-07-06,raining
2.92,92.0,23.83,1007.75,N,2020-07-07,raining
2.58,88.17,25.0,1008.42,NE,2020-07-08,overcast
2.92,86.5,25.83,1007.5,N,2020-07-09,raining
2.58,82.0,26.33,1007.83,N,2020-07-10,raining
2.36,82.33,26.17,1007.42,SW,2020-07-11,raining
2.58,82.58,26.58,1007.33,SW,2020-07-12,raining
2.83,86.42,25.67,1006.67,N,2020-07-13,raining
3.64,80.36,26.82,1005.73,W,2020-07-14,raining
1.78,87.5,25.6,1005.8,Unknown,2020-07-15,raining
2.08,91.17,24.42,1005.58,ES,2020-07-16,raining
2.08,93.58,23.67,1006.17,ES,2020-07-17,raining
2.17,88.58,24.75,1006.17,S,2020-07-18,overcast
2.4,83.5,26.25,1006.33,WN,2020-07-19,raining
2.64,80.91,26.91,1006.18,W,2020-07-20,raining
2.33,81.42,27.17,1005.92,NE,2020-07-21,raining
2.18,78.83,27.67,1006.17,E,2020-07-22,unknown
2.18,81.55,27.73,1006.18,ES,2020-07-23,raining
2.75,87.33,26.08,1007.5,NE,2020-07-24,raining
2.33,85.25,26.0,1008.83,ES,2020-07-25,raining
2.2,82.91,26.18,1010.09,E,2020-07-26,raining
2.55,81.75,27.42,1009.42,Unknown,2020-07-27,raining
3.33,86.92,26.0,1007.25,SW,2020-07-28,raining
2.58,93.75,24.0,1006.33,S,2020-07-29,raining
2.82,86.92,25.33,1006.83,Unknown,2020-07-30,raining
2.42,90.25,25.08,1006.42,W,2020-07-31,raining
2.67,88.25,25.33,1007.42,W,2020-08-01,raining
3.18,91.58,24.42,1008.0,E,2020-08-02,raining
3.5,89.83,25.25,1006.42,WN,2020-08-03,raining
3.58,90.25,25.92,1005.42,SW,2020-08-04,raining
4.27,88.09,25.55,1004.45,N,2020-08-05,raining
4.42,90.25,26.08,1004.75,W,2020-08-06,raining
3.58,92.0,24.83,1007.58,W,2020-08-07,raining
3.0,93.25,23.92,1008.58,WN,2020-08-08,raining
2.36,92.75,23.67,1007.92,Unknown,2020-08-09,raining
2.73,88.5,24.0,1008.25,WN,2020-08-10,overcast
2.55,90.25,25.25,1008.75,SW,2020-08-11,raining
2.67,89.58,25.92,1010.08,N,2020-08-12,raining
2.83,87.75,26.33,1008.25,WN,2020-08-13,raining
2.92,85.67,26.67,1007.0,W,2020-08-14,raining
3.0,82.33,27.08,1007.42,S,2020-08-15,raining
2.55,82.83,26.25,1007.75,WN,2020-08-16,raining
2.82,87.75,25.75,1007.17,WN,2020-08-17,raining
2.25,89.0,25.67,1007.83,N,2020-08-18,raining
3.0,86.08,26.08,1006.83,N,2020-08-19,raining
2.5,86.92,26.17,1006.75,WN,2020-08-20,raining
2.45,85.75,26.5,1008.25,SW,2020-08-21,raining
2.55,82.92,27.0,1008.83,Unknown,2020-08-22,raining
3.17,79.67,27.33,1008.67,WN,2020-08-23,unknown
2.83,81.25,27.5,1008.75,WN,2020-08-24,raining
2.92,79.75,27.5,1009.42,W,2020-08-25,unknown
3.17,83.58,26.83,1009.08,WN,2020-08-26,raining
3.17,80.33,26.92,1008.58,SW,2020-08-27,raining
3.18,78.42,27.17,1007.92,WN,2020-08-28,unknown
2.42,76.83,27.17,1008.08,WN,2020-08-29,unknown
2.91,80.67,27.33,1008.42,WN,2020-08-30,raining
3.2,77.08,27.75,1008.33,WN,2020-08-31,unknown
3.11,82.22,27.0,1008.33,Unknown,2020-09-01,raining
2.17,86.42,26.17,1007.17,ES,2020-09-02,raining
2.55,84.0,26.18,1006.55,ES,2020-09-03,raining
3.1,80.83,27.17,1006.42,Unknown,2020-09-04,raining
2.67,81.5,27.58,1005.5,NE,2020-09-05,raining
3.42,84.08,26.58,1006.08,E,2020-09-06,raining
2.75,90.0,25.17,1008.08,S,2020-09-07,raining
2.75,83.5,26.5,1007.75,E,2020-09-08,raining
2.57,88.1,26.3,1006.9,ES,2020-09-09,raining
2.33,96.58,23.92,1006.92,ES,2020-09-10,raining
2.33,93.67,23.17,1007.58,NE,2020-09-11,raining
2.17,94.58,23.5,1009.58,NE,2020-09-12,raining
2.25,95.5,23.33,1009.67,NE,2020-09-13,raining
2.55,88.17,25.42,1008.67,SW,2020-09-14,raining
2.36,87.33,25.92,1008.0,N,2020-09-15,raining
3.08,84.5,26.0,1008.08,E,2020-09-16,raining
2.5,89.5,25.75,1008.67,S,2020-09-17,raining
2.75,86.92,25.42,1007.92,NE,2020-09-18,raining
2.33,94.58,23.83,1006.67,N,2020-09-19,raining
2.73,94.17,23.67,1006.92,N,2020-09-20,raining
3.05,92.08,24.83,1006.83,N,2020-09-21,raining
2.5,83.42,25.83,1007.0,S,2020-09-22,raining
2.55,88.64,25.45,1008.55,E,2020-09-23,raining
2.91,85.0,26.25,1009.67,S,2020-09-24,raining
2.12,84.45,26.73,1009.64,WN,2020-09-25,raining
2.9,84.83,26.5,1009.17,Unknown,2020-09-26,raining
2.42,81.0,27.33,1009.08,W,2020-09-27,raining
2.55,77.75,27.5,1008.58,WN,2020-09-28,unknown
3.18,83.33,26.92,1008.25,SW,2020-09-29,raining
2.75,84.83,25.92,1008.17,SW,2020-09-30,raining
3.33,79.67,27.22,1008.11,Unknown,2020-10-01,unknown
2.91,80.67,26.83,1008.42,WN,2020-10-02,raining
3.11,78.67,27.0,1009.17,N,2020-10-03,unknown
3.43,78.42,26.58,1010.58,Unknown,2020-10-04,unknown
3.0,75.0,27.0,1009.0,N,2020-10-05,unknown
3.62,77.18,26.91,1008.45,W,2020-10-06,unknown
3.12,82.45,27.18,1008.73,Unknown,2020-10-07,raining
3.56,81.17,27.17,1007.83,N,2020-10-08,raining
2.58,82.25,26.42,1008.33,S,2020-10-09,raining
3.3,86.08,26.25,1008.08,E,2020-10-10,raining
3.33,86.25,25.75,1007.08,N,2020-10-11,raining
2.67,89.08,25.08,1004.92,WN,2020-10-12,raining
2.91,87.42,24.67,1004.92,N,2020-10-13,overcast
3.36,80.83,25.92,1006.42,S,2020-10-14,raining
2.75,87.83,25.25,1006.17,SW,2020-10-15,raining
2.55,89.08,25.25,1006.0,N,2020-10-16,raining
2.36,81.25,26.25,1006.83,E,2020-10-17,raining
3.0,79.11,27.11,1007.67,E,2020-10-18,unknown
2.91,82.08,26.83,1007.5,N,2020-10-19,raining
2.55,86.92,25.67,1007.25,NE,2020-10-20,raining
3.25,85.67,26.08,1008.17,W,2020-10-21,raining
2.4,81.58,25.92,1008.17,E,2020-10-22,raining
1.33,84.45,25.64,1008.18,Unknown,2020-10-23,raining
1.5,79.5,26.92,1009.17,Unknown,2020-10-24,unknown
2.0,79.0,26.67,1010.08,Unknown,2020-10-25,unknown
2.6,78.67,27.25,1009.75,Unknown,2020-10-26,unknown
2.67,77.58,27.42,1009.08,Unknown,2020-10-27,unknown
1.8,79.5,27.4,1009.3,Unknown,2020-10-28,unknown
1.5,84.43,27.14,1009.57,Unknown,2020-10-29,raining
4.0,81.67,27.33,1010.33,Unknown,2020-10-30,raining
2.0,80.42,27.08,1009.5,Unknown,2020-10-31,raining
1.75,79.44,28.11,1010.33,Unknown,2020-11-01,unknown
1.67,80.17,27.75,1011.0,Unknown,2020-11-02,raining
2.0,86.08,26.17,1010.75,N,2020-11-03,raining
1.25,79.25,27.58,1010.08,Unknown,2020-11-04,unknown
1.5,82.0,26.83,1010.08,Unknown,2020-11-05,raining
1.0,78.2,27.8,1011.0,Unknown,2020-11-06,unknown
2.2,77.33,28.0,1011.25,Unknown,2020-11-07,unknown
3.0,80.75,27.75,1011.5,Unknown,2020-11-08,raining
1.33,77.82,27.91,1010.73,Unknown,2020-11-09,unknown
2.4,78.92,27.75,1008.42,Unknown,2020-11-10,unknown
1.38,78.17,26.25,1008.92,E,2020-11-11,unknown
1.8,72.33,27.17,1008.92,Unknown,2020-11-12,unknown
2.2,76.67,27.25,1008.92,Unknown,2020-11-13,unknown
1.83,77.33,27.58,1007.67,S,2020-11-14,unknown
2.57,75.0,28.17,1007.33,Unknown,2020-11-15,unknown
2.86,77.5,27.58,1007.83,Unknown,2020-11-16,unknown
3.89,78.0,27.17,1007.42,N,2020-11-17,unknown
4.33,84.67,26.17,1008.33,Unknown,2020-11-18,raining
3.0,79.08,28.33,1008.42,Unknown,2020-11-19,unknown
2.0,76.45,28.18,1009.73,Unknown,2020-11-20,unknown
3.6,77.75,27.25,1010.17,Unknown,2020-11-21,unknown
2.67,74.58,27.0,1010.75,Unknown,2020-11-22,unknown
1.71,69.17,26.17,1010.83,Unknown,2020-11-23,partly cloudy
1.71,63.42,26.58,1009.67,Unknown,2020-11-24,partly cloudy
1.17,68.33,27.33,1007.67,E,2020-11-25,partly cloudy
1.29,74.5,27.33,1008.0,N,2020-11-26,unknown
1.83,79.0,27.58,1008.92,NE,2020-11-27,unknown
2.0,73.33,27.58,1009.92,Unknown,2020-11-28,unknown
1.25,71.08,28.08,1010.25,N,2020-11-29,unknown
1.67,77.45,27.64,1010.27,Unknown,2020-11-30,unknown
1.29,72.56,28.44,1010.67,Unknown,2020-12-01,unknown
2.0,75.5,26.58,1009.58,Unknown,2020-12-02,unknown
3.33,79.42,25.08,1008.75,Unknown,2020-12-03,unknown
3.5,78.67,25.83,1007.17,Unknown,2020-12-04,unknown
3.25,82.08,26.42,1007.58,SW,2020-12-05,raining
1.75,82.5,26.58,1008.58,Unknown,2020-12-06,raining
1.88,84.25,26.67,1010.0,E,2020-12-07,raining
2.5,77.58,27.5,1010.42,Unknown,2020-12-08,unknown
2.0,74.55,27.64,1010.45,S,2020-12-09,unknown
3.75,76.92,27.42,1010.5,Unknown,2020-12-10,unknown
2.4,73.75,27.0,1010.83,Unknown,2020-12-11,unknown
1.5,73.17,27.67,1010.5,Unknown,2020-12-12,unknown
1.25,72.33,27.17,1010.0,S,2020-12-13,unknown
2.71,77.08,26.67,1009.5,Unknown,2020-12-14,unknown
1.92,77.83,26.25,1010.25,Unknown,2020-12-15,unknown
2.5,70.5,27.17,1010.75,Unknown,2020-12-16,unknown
3.25,80.08,26.58,1011.08,Unknown,2020-12-17,raining
1.25,81.25,26.67,1010.58,Unknown,2020-12-18,raining
1.5,74.58,27.08,1010.42,Unknown,2020-12-19,unknown
2.11,69.75,27.17,1010.75,Unknown,2020-12-20,partly cloudy
2.5,74.5,26.17,1010.08,N,2020-12-21,unknown
1.67,69.92,26.25,1009.92,Unknown,2020-12-22,partly cloudy
2.0,65.67,27.5,1009.08,Unknown,2020-12-23,partly cloudy
1.4,69.82,26.73,1008.45,E,2020-12-24,partly cloudy
1.33,70.75,27.67,1008.75,Unknown,2020-12-25,unknown
1.29,67.67,27.5,1009.83,Unknown,2020-12-26,partly cloudy
1.5,70.64,27.18,1009.73,Unknown,2020-12-27,unknown
1.6,74.0,25.58,1009.42,E,2020-12-28,unknown
1.2,66.75,26.58,1009.0,E,2020-12-29,partly cloudy
1.5,67.5,28.17,1008.17,Unknown,2020-12-30,partly cloudy
1.67,80.5,25.75,1009.08,SW,2020-12-31,raining
1.57,79.75,25.75,1009.5,Unknown,2021-01-01,unknown
1.22,68.42,26.0,1009.42,Unknown,2021-01-02,partly cloudy
1.33,71.42,26.42,1008.25,Unknown,2021-01-03,unknown
3.43,72.33,26.75,1008.5,Unknown,2021-01-04,unknown
1.29,69.36,27.82,1009.09,Unknown,2021-01-05,partly cloudy
1.83,77.42,26.08,1009.08,Unknown,2021-01-06,unknown
1.82,85.17,25.42,1007.5,NE,2021-01-07,raining
1.43,82.25,26.25,1007.17,N,2021-01-08,raining
1.0,81.08,26.08,1007.75,E,2021-01-09,raining
1.17,79.25,26.83,1008.33,Unknown,2021-01-10,unknown
1.0,84.5,26.08,1009.0,Unknown,2021-01-11,raining
1.0,86.67,25.67,1008.75,Unknown,2021-01-12,raining
1.0,80.08,26.42,1008.25,Unknown,2021-01-13,raining
2.38,81.27,25.91,1008.18,N,2021-01-14,raining
1.17,76.67,27.67,1008.25,E,2021-01-15,unknown
1.33,80.58,26.75,1007.83,Unknown,2021-01-16,raining
1.33,81.42,27.5,1008.58,Unknown,2021-01-17,raining
1.57,79.82,26.55,1009.55,Unknown,2021-01-18,unknown
1.45,76.83,26.17,1009.75,Unknown,2021-01-19,unknown
1.22,75.58,26.83,1010.42,Unknown,2021-01-20,unknown
1.57,76.25,27.42,1010.25,Unknown,2021-01-21,unknown
1.22,74.58,27.92,1009.83,NE,2021-01-22,unknown
1.25,76.17,27.67,1009.75,Unknown,2021-01-23,unknown
1.38,75.67,27.42,1010.58,Unknown,2021-01-24,unknown
1.12,74.5,26.92,1011.0,Unknown,2021-01-25,unknown
1.6,66.17,26.25,1010.58,E,2021-01-26,partly cloudy
1.29,65.92,26.0,1011.0,Unknown,2021-01-27,partly cloudy
1.4,66.92,26.58,1010.75,E,2021-01-28,partly cloudy
1.33,67.83,26.67,1011.42,Unknown,2021-01-29,partly cloudy
1.38,65.75,27.33,1010.67,Unknown,2021-01-30,partly cloudy
1.25,64.92,27.75,1010.5,Unknown,2021-01-31,partly cloudy
1.25,67.78,28.89,1011.89,Unknown,2021-02-01,partly cloudy
1.5,65.58,27.58,1011.92,SW,2021-02-02,partly cloudy
1.25,64.17,27.33,1011.42,Unknown,2021-02-03,partly cloudy
1.38,62.33,27.5,1011.75,Unknown,2021-02-04,partly cloudy
1.44,67.42,27.17,1011.08,Unknown,2021-02-05,partly cloudy
1.33,63.92,27.25,1010.0,Unknown,2021-02-06,partly cloudy
1.5,69.0,27.42,1009.92,Unknown,2021-02-07,partly cloudy
1.38,69.09,26.91,1010.27,Unknown,2021-02-08,partly cloudy
2.3,64.17,26.42,1010.25,E,2021-02-09,partly cloudy
1.6,59.5,26.67,1009.83,Unknown,2021-02-10,sunshine
1.09,64.0,26.33,1009.25,Unknown,2021-02-11,partly cloudy
1.22,67.92,26.58,1010.0,Unknown,2021-02-12,partly cloudy
1.56,62.75,27.08,1011.5,Unknown,2021-02-13,partly cloudy
2.25,59.0,26.75,1011.83,Unknown,2021-02-14,sunshine
1.5,62.5,27.17,1010.67,Unknown,2021-02-15,partly cloudy
1.33,66.0,27.25,1010.25,N,2021-02-16,partly cloudy
1.67,65.42,27.42,1009.42,Unknown,2021-02-17,partly cloudy
1.5,62.08,27.83,1010.17,WN,2021-02-18,partly cloudy
1.67,62.33,27.33,1010.75,Unknown,2021-02-19,partly cloudy
2.0,58.09,28.36,1009.64,Unknown,2021-02-20,sunshine
1.6,63.83,27.25,1010.5,Unknown,2021-02-21,partly cloudy
1.33,70.17,26.83,1011.25,Unknown,2021-02-22,unknown
1.57,59.55,28.36,1010.45,Unknown,2021-02-23,sunshine
1.22,62.92,28.25,1009.75,WN,2021-02-24,partly cloudy
1.56,70.92,28.08,1010.33,Unknown,2021-02-25,unknown
1.75,68.75,27.92,1009.0,Unknown,2021-02-26,partly cloudy
1.89,68.5,28.67,1007.92,Unknown,2021-02-27,partly cloudy
1.75,74.75,28.33,1007.92,Unknown,2021-02-28,unknown
1.88,68.67,29.22,1011.44,Unknown,2021-03-01,partly cloudy
1.4,71.17,28.33,1011.17,Unknown,2021-03-02,unknown
1.7,69.67,28.42,1009.67,WN,2021-03-03,partly cloudy
1.56,68.25,28.25,1009.5,Unknown,2021-03-04,partly cloudy
1.6,65.33,27.83,1011.17,Unknown,2021-03-05,partly cloudy
1.5,67.0,28.5,1011.67,Unknown,2021-03-06,partly cloudy
1.67,69.0,28.42,1010.25,N,2021-03-07,partly cloudy
1.64,67.25,29.08,1010.08,ES,2021-03-08,partly cloudy
1.44,65.83,29.08,1010.75,Unknown,2021-03-09,partly cloudy
1.75,69.17,29.42,1010.75,Unknown,2021-03-10,partly cloudy
1.67,79.5,26.0,1011.42,Unknown,2021-03-11,unknown
1.27,70.08,28.25,1011.75,Unknown,2021-03-12,unknown
1.42,69.33,28.42,1011.08,S,2021-03-13,partly cloudy
1.5,67.42,29.08,1009.5,W,2021-03-14,partly cloudy
1.91,67.75,29.0,1009.42,Unknown,2021-03-15,partly cloudy
1.9,69.67,28.67,1009.42,Unknown,2021-03-16,partly cloudy
1.78,68.83,29.08,1008.42,Unknown,2021-03-17,partly cloudy
2.0,68.67,28.83,1008.67,Unknown,2021-03-18,partly cloudy
1.75,69.58,29.08,1008.5,Unknown,2021-03-19,partly cloudy
1.75,70.08,28.5,1007.92,Unknown,2021-03-20,unknown
1.45,71.5,28.67,1007.33,Unknown,2021-03-21,unknown
1.56,72.5,28.75,1008.67,ES,2021-03-22,unknown
1.7,67.08,29.75,1009.0,W,2021-03-23,partly cloudy
1.56,65.67,30.0,1009.0,Unknown,2021-03-24,partly cloudy
1.43,66.83,29.75,1008.17,Unknown,2021-03-25,partly cloudy
2.86,67.08,30.17,1007.58,Unknown,2021-03-26,unknown
1.88,73.17,29.92,1007.42,Unknown,2021-03-27,unknown
2.22,78.82,29.09,1007.64,W,2021-03-28,unknown
1.67,78.83,28.75,1008.17,E,2021-03-29,unknown
1.64,71.0,28.27,1007.36,S,2021-03-30,unknown
2.1,71.0,29.5,1006.33,SW,2021-03-31,unknown
2.38,70.88,30.38,1006.5,Unknown,2021-04-01,unknown
1.67,72.17,28.83,1006.92,Unknown,2021-04-02,unknown
2.12,69.75,29.17,1008.0,Unknown,2021-04-03,partly cloudy
2.0,69.92,28.67,1008.67,WN,2021-04-04,partly cloudy
1.8,71.5,29.17,1007.92,Unknown,2021-04-05,unknown
1.82,70.17,30.17,1008.17,WN,2021-04-06,unknown
1.9,70.75,30.0,1009.5,N,2021-04-07,unknown
1.9,73.83,29.17,1008.58,SW,2021-04-08,unknown
1.7,73.25,29.58,1007.58,WN,2021-04-09,unknown
2.56,68.83,29.92,1008.33,Unknown,2021-04-10,partly cloudy
1.8,72.08,29.17,1010.08,Unknown,2021-04-11,unknown
1.82,78.17,27.5,1010.92,Unknown,2021-04-12,unknown
1.71,79.33,27.0,1010.17,NE,2021-04-13,unknown
1.9,76.25,28.0,1009.75,N,2021-04-14,unknown
1.44,79.83,26.92,1009.92,E,2021-04-15,unknown
2.0,76.5,28.33,1009.33,Unknown,2021-04-16,unknown
2.0,76.5,28.25,1009.75,NE,2021-04-17,unknown
1.27,77.0,28.0,1011.42,E,2021-04-18,unknown
1.73,73.5,28.67,1010.0,E,2021-04-19,unknown
1.36,82.25,26.17,1009.08,WN,2021-04-20,raining
1.75,79.08,28.17,1009.67,Unknown,2021-04-21,unknown
1.67,76.0,28.75,1009.75,Unknown,2021-04-22,unknown
1.5,71.2,29.1,1009.7,Unknown,2021-04-23,unknown
1.62,70.67,29.58,1008.58,Unknown,2021-04-24,unknown
2.2,77.17,28.58,1008.25,Unknown,2021-04-25,unknown
1.82,76.75,28.75,1008.08,N,2021-04-26,unknown
1.5,79.36,28.36,1008.55,Unknown,2021-04-27,unknown
1.56,78.17,28.92,1009.5,Unknown,2021-04-28,unknown
1.67,76.18,29.27,1009.09,Unknown,2021-04-29,unknown
1.56,73.75,29.5,1007.5,Unknown,2021-04-30,unknown
1.0,72.67,28.67,1008.17,Unknown,2021-05-01,unknown
1.67,66.73,29.91,1007.73,NE,2021-05-02,partly cloudy
1.2,75.0,29.0,1007.27,E,2021-05-03,unknown
1.73,76.58,28.42,1007.67,S,2021-05-04,unknown
1.27,74.33,28.92,1006.83,NE,2021-05-05,unknown
1.25,72.83,29.58,1007.83,E,2021-05-06,unknown
1.8,78.75,28.58,1008.75,E,2021-05-07,unknown
1.17,74.83,28.75,1007.5,NE,2021-05-08,unknown
1.55,72.58,29.33,1006.83,E,2021-05-09,unknown
1.38,80.42,28.67,1006.83,Unknown,2021-05-10,raining
2.09,83.17,28.33,1007.17,N,2021-05-11,raining
2.0,85.25,27.92,1006.17,N,2021-05-12,raining
1.42,86.17,26.83,1005.75,N,2021-05-13,raining
2.67,91.58,25.08,1004.33,ES,2021-05-14,raining
2.42,93.92,24.5,1003.25,S,2021-05-15,raining
2.0,92.75,24.5,1005.33,S,2021-05-16,raining
1.8,79.5,28.25,1007.08,NE,2021-05-17,unknown
1.82,77.08,29.08,1007.58,N,2021-05-18,unknown
1.36,86.17,27.08,1007.33,NE,2021-05-19,raining
1.43,84.25,27.67,1007.92,Unknown,2021-05-20,raining
1.11,92.83,25.92,1008.58,E,2021-05-21,raining
1.92,82.83,28.08,1007.5,E,2021-05-22,raining
2.0,79.73,28.36,1007.55,E,2021-05-23,unknown
2.22,73.67,29.5,1008.5,WN,2021-05-24,unknown
1.88,79.08,28.67,1007.5,WN,2021-05-25,unknown
1.73,86.92,26.33,1007.75,SW,2021-05-26,raining
2.1,76.25,27.75,1007.83,NE,2021-05-27,unknown
2.12,73.58,29.08,1008.25,Unknown,2021-05-28,unknown
1.4,77.0,28.08,1009.25,WN,2021-05-29,unknown
1.86,71.45,29.0,1008.91,Unknown,2021-05-30,unknown
2.0,75.0,28.25,1007.83,Unknown,2021-05-31,unknown
1.67,76.33,28.33,1008.0,Unknown,2021-06-01,unknown
2.11,75.0,28.83,1007.25,SW,2021-06-02,unknown
1.5,75.0,28.82,1007.27,NE,2021-06-03,unknown
2.1,81.75,27.5,1008.75,S,2021-06-04,raining
1.75,86.08,26.08,1008.67,Unknown,2021-06-05,raining
2.11,79.75,27.58,1008.75,Unknown,2021-06-06,unknown
1.89,78.75,28.83,1008.75,Unknown,2021-06-07,unknown
1.89,76.17,29.33,1008.33,N,2021-06-08,unknown
1.9,75.5,29.0,1007.92,WN,2021-06-09,unknown
2.09,76.25,28.58,1007.25,N,2021-06-10,unknown
1.38,85.42,26.75,1007.75,Unknown,2021-06-11,raining
1.11,92.83,25.42,1008.08,Unknown,2021-06-12,raining
1.17,91.92,24.67,1008.0,Unknown,2021-06-13,raining
1.22,89.0,24.73,1008.09,SW,2021-06-14,overcast
2.12,85.25,26.08,1006.67,Unknown,2021-06-15,raining
1.71,85.0,26.0,1007.6,Unknown,2021-06-16,raining
2.38,82.5,27.08,1008.67,W,2021-06-17,raining
1.89,85.0,26.67,1009.75,W,2021-06-18,raining
1.56,81.92,26.83,1011.17,NE,2021-06-19,raining
1.86,77.42,27.75,1010.92,E,2021-06-20,unknown
2.11,77.17,27.83,1009.92,Unknown,2021-06-21,unknown
1.82,79.33,28.0,1008.67,Unknown,2021-06-22,unknown
2.1,79.45,28.09,1008.27,WN,2021-06-23,unknown
1.88,80.09,27.55,1009.55,WN,2021-06-24,raining
2.12,76.0,28.5,1008.5,Unknown,2021-06-25,unknown
1.75,86.0,26.0,1008.18,Unknown,2021-06-26,raining
2.33,80.33,26.75,1008.58,Unknown,2021-06-27,raining
1.62,79.0,26.92,1008.25,Unknown,2021-06-28,unknown
1.5,82.0,26.0,1007.5,Unknown,2021-06-29,raining
1.7,74.42,29.5,1007.67,N,2021-06-30,unknown
2.14,77.5,29.0,1006.62,Unknown,2021-07-01,unknown
1.75,80.36,27.18,1008.09,W,2021-07-02,raining
2.0,79.36,27.82,1008.64,Unknown,2021-07-03,unknown
1.64,79.55,27.91,1008.45,WN,2021-07-04,unknown
2.33,79.3,28.0,1007.4,WN,2021-07-05,unknown
1.73,78.64,28.18,1006.45,WN,2021-07-06,unknown
1.88,78.3,28.2,1006.8,WN,2021-07-07,unknown
2.36,77.17,28.67,1007.42,SW,2021-07-08,unknown
2.0,86.0,26.1,1006.6,W,2021-07-09,raining
1.9,92.83,24.33,1007.42,W,2021-07-10,raining
1.67,85.82,25.0,1007.18,N,2021-07-11,overcast
1.6,87.64,25.45,1006.55,Unknown,2021-07-12,raining
1.78,89.45,25.45,1007.45,WN,2021-07-13,raining
3.22,86.58,26.08,1007.17,Unknown,2021-07-14,raining
2.1,90.92,23.33,1006.92,NE,2021-07-15,raining
1.92,87.25,24.58,1008.25,WN,2021-07-16,overcast
2.73,87.64,24.82,1008.82,W,2021-07-17,overcast
2.25,92.67,23.17,1008.67,WN,2021-07-18,raining
2.78,89.0,24.33,1008.92,SW,2021-07-19,overcast
3.08,83.25,26.08,1010.67,SW,2021-07-20,raining
2.89,86.42,24.5,1010.25,Unknown,2021-07-21,overcast
3.67,87.75,24.67,1007.75,W,2021-07-22,overcast
3.92,86.92,25.08,1006.58,WN,2021-07-23,raining
3.0,87.42,24.92,1007.58,W,2021-07-24,overcast
2.78,90.67,23.83,1008.92,Unknown,2021-07-25,raining
3.25,86.92,24.58,1009.5,S,2021-07-26,overcast
3.0,86.92,24.75,1008.92,SW,2021-07-27,overcast
2.7,83.17,25.67,1009.58,WN,2021-07-28,raining
2.83,81.67,26.08,1010.5,S,2021-07-29,raining
3.0,81.42,25.42,1011.08,WN,2021-07-30,raining
2.91,82.92,25.17,1011.42,WN,2021-07-31,raining
2.75,80.83,25.67,1010.5,W,2021-08-01,raining
2.7,82.33,25.0,1010.67,Unknown,2021-08-02,overcast
2.55,86.42,24.0,1011.75,WN,2021-08-03,overcast
2.91,82.5,24.58,1012.17,W,2021-08-04,overcast
2.64,89.33,24.17,1010.08,Unknown,2021-08-05,overcast
3.25,90.0,23.73,1009.0,NE,2021-08-06,overcast
2.9,91.0,24.08,1009.25,N,2021-08-07,raining
2.9,87.75,24.75,1009.33,SW,2021-08-08,overcast
2.9,86.58,24.75,1010.33,SW,2021-08-09,overcast
1.91,90.5,23.75,1010.67,Unknown,2021-08-10,raining
2.83,83.92,25.0,1010.17,W,2021-08-11,overcast
3.25,82.42,24.67,1011.08,W,2021-08-12,overcast
2.64,86.91,24.27,1009.64,WN,2021-08-13,overcast
2.7,84.82,23.91,1008.73,N,2021-08-14,overcast
2.92,81.58,25.0,1008.67,SW,2021-08-15,overcast
2.36,84.83,24.75,1009.25,SW,2021-08-16,overcast
2.45,84.67,24.58,1009.67,W,2021-08-17,overcast
2.92,85.67,24.67,1008.92,S,2021-08-18,overcast
2.2,90.5,23.08,1008.42,WN,2021-08-19,raining
2.67,82.09,25.18,1007.91,N,2021-08-20,raining
2.43,84.33,25.5,1009.17,Unknown,2021-08-21,raining
2.44,82.75,25.75,1008.83,Unknown,2021-08-22,raining
1.8,83.58,24.92,1009.08,Unknown,2021-08-23,overcast
2.27,80.92,25.0,1009.25,N,2021-08-24,overcast
2.09,81.17,25.58,1008.5,E,2021-08-25,raining
2.3,87.09,24.73,1006.91,ES,2021-08-26,overcast
2.25,91.83,23.58,1006.92,W,2021-08-27,raining
2.56,89.09,24.0,1006.36,Unknown,2021-08-28,overcast
2.25,89.08,23.08,1006.42,W,2021-08-29,overcast
3.0,86.0,23.58,1007.33,N,2021-08-30,overcast
2.25,85.91,25.27,1007.55,Unknown,2021-08-31,raining
3.12,79.44,26.67,1008.67,Unknown,2021-09-01,unknown
2.4,83.83,25.08,1008.67,W,2021-09-02,raining
2.0,86.83,24.17,1008.08,Unknown,2021-09-03,overcast
1.9,87.67,24.17,1008.67,SW,2021-09-04,overcast
2.27,91.92,23.33,1008.5,S,2021-09-05,raining
2.2,89.91,23.73,1009.09,W,2021-09-06,overcast
3.11,85.33,24.5,1008.75,W,2021-09-07,overcast
2.0,88.18,23.91,1009.82,Unknown,2021-09-08,overcast
3.86,82.5,25.58,1010.33,Unknown,2021-09-09,raining
2.67,80.5,25.67,1010.25,WN,2021-09-10,raining
3.25,85.25,25.33,1009.0,Unknown,2021-09-11,raining
3.44,87.17,24.75,1008.0,Unknown,2021-09-12,overcast
2.67,89.91,24.27,1008.18,Unknown,2021-09-13,overcast
2.5,85.0,25.42,1007.58,WN,2021-09-14,raining
2.0,83.1,26.4,1008.3,S,2021-09-15,raining
2.14,88.0,26.2,1008.0,NE,2021-09-16,raining
3.08,81.33,27.58,1007.33,WN,2021-09-17,raining
2.22,80.92,27.67,1008.42,N,2021-09-18,raining
2.91,81.92,27.67,1009.58,WN,2021-09-19,raining
3.11,82.33,27.67,1009.17,WN,2021-09-20,raining
3.22,83.45,27.64,1008.73,Unknown,2021-09-21,raining
3.2,83.45,27.36,1007.27,WN,2021-09-22,raining
3.36,82.25,27.33,1007.5,Unknown,2021-09-23,raining
3.4,76.8,27.7,1007.9,WN,2021-09-24,unknown
2.82,80.58,27.75,1008.25,SW,2021-09-25,raining
2.58,82.33,27.33,1006.42,WN,2021-09-26,raining
2.1,96.5,24.33,1006.25,SW,2021-09-27,raining
2.2,90.83,25.5,1008.0,S,2021-09-28,raining
2.27,85.91,26.45,1009.27,E,2021-09-29,raining
2.45,86.73,26.18,1009.18,S,2021-09-30,raining
2.62,89.67,26.33,1008.33,Unknown,2021-10-01,raining
2.11,88.92,26.17,1007.5,WN,2021-10-02,raining
2.0,88.25,26.33,1007.5,NE,2021-10-03,raining
1.91,88.58,27.17,1006.67,SW,2021-10-04,raining
2.8,89.17,26.0,1006.75,N,2021-10-05,raining
2.2,90.0,26.17,1006.17,E,2021-10-06,raining
2.54,86.0,27.0,1006.75,E,2021-10-07,raining
2.1,90.7,26.1,1008.4,E,2021-10-08,raining
2.36,92.25,25.5,1009.92,E,2021-10-09,raining
2.4,89.08,26.33,1009.25,E,2021-10-10,raining
2.8,91.58,25.75,1007.75,S,2021-10-11,raining
2.0,94.25,24.25,1008.08,W,2021-10-12,raining
2.17,87.17,25.5,1007.58,NE,2021-10-13,raining
2.18,88.25,26.67,1006.25,E,2021-10-14,raining
2.67,81.42,27.67,1003.08,E,2021-10-15,raining
2.18,88.17,26.67,1002.25,ES,2021-10-16,raining
1.67,93.64,25.09,1005.73,WN,2021-10-17,raining
1.9,89.83,25.92,1008.5,ES,2021-10-18,raining
2.33,84.0,26.92,1010.25,Unknown,2021-10-19,raining
2.3,87.67,26.92,1011.25,Unknown,2021-10-20,raining
2.0,84.92,26.67,1011.25,Unknown,2021-10-21,raining
2.5,82.58,28.0,1011.17,Unknown,2021-10-22,raining
2.09,86.08,26.67,1012.25,ES,2021-10-23,raining
2.18,83.92,26.92,1012.5,ES,2021-10-24,raining
2.18,84.0,26.67,1010.25,NE,2021-10-25,raining
2.0,82.67,26.83,1009.33,NE,2021-10-26,raining
1.4,84.25,26.83,1009.42,E,2021-10-27,raining
2.25,86.67,26.5,1009.5,W,2021-10-28,raining
1.5,88.5,26.25,1009.92,E,2021-10-29,raining
2.33,90.5,26.75,1010.58,Unknown,2021-10-30,raining
2.2,90.83,25.92,1010.5,N,2021-10-31,raining
2.5,87.89,26.67,1009.56,Unknown,2021-11-01,raining
1.91,86.45,26.36,1008.27,ES,2021-11-02,raining
1.89,89.58,26.0,1009.25,Unknown,2021-11-03,raining
2.0,87.5,26.25,1009.17,E,2021-11-04,raining
2.38,84.67,26.33,1009.67,E,2021-11-05,raining
2.0,84.0,27.0,1008.83,E,2021-11-06,raining
2.25,82.83,27.0,1008.33,S,2021-11-07,raining
2.3,88.25,25.67,1009.33,Unknown,2021-11-08,raining
1.5,87.42,25.33,1009.42,E,2021-11-09,raining
1.89,82.83,26.67,1008.42,Unknown,2021-11-10,raining
2.27,78.75,27.08,1006.25,NE,2021-11-11,unknown
2.33,79.25,26.33,1006.58,WN,2021-11-12,unknown
2.36,88.17,26.0,1007.67,E,2021-11-13,raining
1.9,91.33,25.5,1008.0,NE,2021-11-14,raining
1.88,92.92,25.17,1007.0,Unknown,2021-11-15,raining
2.43,88.64,25.73,1006.55,E,2021-11-16,raining
2.64,84.17,26.92,1008.25,N,2021-11-17,raining
2.4,85.33,25.58,1007.42,E,2021-11-18,raining
3.57,85.0,26.42,1004.83,Unknown,2021-11-19,raining
2.22,91.17,25.17,1006.17,Unknown,2021-11-20,raining
2.33,82.58,26.5,1008.67,E,2021-11-21,raining
2.45,78.92,27.0,1009.83,E,2021-11-22,unknown
2.6,86.27,26.73,1009.09,Unknown,2021-11-23,raining
2.33,86.0,26.9,1009.1,Unknown,2021-11-24,raining
2.0,86.25,26.5,1009.25,E,2021-11-25,raining
1.9,86.67,26.33,1008.92,NE,2021-11-26,raining
1.78,83.25,27.0,1008.83,Unknown,2021-11-27,raining
2.0,81.75,26.92,1008.83,Unknown,2021-11-28,raining
1.91,84.08,26.58,1009.17,SW,2021-11-29,raining
1.44,84.92,26.25,1009.5,N,2021-11-30,raining
2.12,78.33,27.78,1009.67,Unknown,2021-12-01,unknown
2.0,82.17,27.08,1010.08,Unknown,2021-12-02,raining
2.5,86.92,26.83,1010.83,Unknown,2021-12-03,raining
2.22,84.33,26.92,1011.42,Unknown,2021-12-04,raining
2.18,81.25,27.25,1011.17,Unknown,2021-12-05,raining
1.91,84.17,27.17,1010.5,Unknown,2021-12-06,raining
2.09,79.08,27.25,1010.42,NE,2021-12-07,unknown
2.09,79.83,27.25,1010.25,N,2021-12-08,unknown
2.36,80.5,27.33,1011.5,Unknown,2021-12-09,raining
2.0,77.75,27.83,1011.67,E,2021-12-10,unknown
1.45,72.58,27.75,1011.25,Unknown,2021-12-11,unknown
1.9,74.0,27.83,1011.33,S,2021-12-12,unknown
1.8,71.67,27.25,1010.5,Unknown,2021-12-13,unknown
1.82,74.5,27.42,1010.08,ES,2021-12-14,unknown
1.55,72.25,27.67,1010.75,ES,2021-12-15,unknown
2.0,75.08,27.5,1011.58,NE,2021-12-16,unknown
2.44,73.42,27.83,1012.0,Unknown,2021-12-17,unknown
2.1,72.33,27.83,1011.25,S,2021-12-18,unknown
2.22,73.92,27.17,1012.25,Unknown,2021-12-19,unknown
2.62,65.17,26.58,1012.5,E,2021-12-20,partly cloudy
2.44,69.83,25.92,1013.25,Unknown,2021-12-21,partly cloudy
2.1,71.25,26.17,1012.08,NE,2021-12-22,unknown
2.0,73.92,26.08,1011.58,Unknown,2021-12-23,unknown
2.11,77.0,26.33,1011.58,Unknown,2021-12-24,unknown
2.36,74.75,26.5,1011.83,Unknown,2021-12-25,unknown
2.0,76.42,26.75,1012.83,Unknown,2021-12-26,unknown
1.9,76.83,26.42,1013.0,Unknown,2021-12-27,unknown
2.2,71.33,26.17,1012.25,Unknown,2021-12-28,unknown
2.2,73.08,26.0,1011.5,NE,2021-12-29,unknown
2.27,69.67,26.5,1011.92,Unknown,2021-12-30,partly cloudy
2.09,72.08,27.25,1012.5,Unknown,2021-12-31,unknown
2.62,68.33,28.0,1012.67,Unknown,2022-01-01,partly cloudy
2.09,72.92,27.25,1011.58,Unknown,2022-01-02,unknown
2.18,70.42,27.5,1011.58,Unknown,2022-01-03,unknown
2.3,68.45,27.09,1011.91,Unknown,2022-01-04,partly cloudy
2.11,67.33,26.67,1012.42,Unknown,2022-01-05,partly cloudy
2.0,74.33,26.67,1011.42,Unknown,2022-01-06,unknown
2.11,74.58,27.08,1011.58,Unknown,2022-01-07,unknown
2.0,73.08,27.17,1012.33,Unknown,2022-01-08,unknown
2.27,69.92,27.33,1011.17,Unknown,2022-01-09,partly cloudy
2.36,66.58,27.58,1011.08,Unknown,2022-01-10,partly cloudy
2.64,71.92,27.0,1011.17,Unknown,2022-01-11,unknown
2.5,75.17,26.33,1011.25,WN,2022-01-12,unknown
2.45,69.17,25.67,1011.0,Unknown,2022-01-13,partly cloudy
2.08,64.25,25.75,1010.58,E,2022-01-14,partly cloudy
2.36,67.17,26.5,1010.42,WN,2022-01-15,partly cloudy
2.5,70.25,26.92,1011.33,Unknown,2022-01-16,unknown
2.6,70.75,27.25,1012.92,Unknown,2022-01-17,unknown
2.3,68.36,27.55,1011.82,ES,2022-01-18,partly cloudy
2.0,71.42,27.25,1011.33,SW,2022-01-19,unknown
2.36,73.08,26.83,1010.5,Unknown,2022-01-20,unknown
2.17,78.67,26.67,1010.83,ES,2022-01-21,unknown
2.7,75.58,26.83,1010.0,WN,2022-01-22,unknown
2.73,71.25,26.08,1010.17,N,2022-01-23,unknown
2.25,69.0,25.33,1009.17,N,2022-01-24,partly cloudy
2.33,65.33,25.0,1009.25,WN,2022-01-25,cloudy
2.36,67.67,25.58,1009.75,WN,2022-01-26,partly cloudy
2.3,68.0,26.5,1008.67,WN,2022-01-27,partly cloudy
2.67,66.17,28.0,1009.0,Unknown,2022-01-28,partly cloudy
2.45,66.33,27.33,1010.58,S,2022-01-29,partly cloudy
2.09,71.92,28.0,1010.5,S,2022-01-30,unknown
1.92,75.17,28.0,1010.0,S,2022-01-31,unknown
2.22,71.11,28.67,1009.22,Unknown,2022-02-01,unknown
2.09,76.33,27.75,1010.33,Unknown,2022-02-02,unknown
2.17,75.42,27.25,1010.67,WN,2022-02-03,unknown
2.67,70.83,26.25,1009.83,N,2022-02-04,unknown
2.17,71.0,25.25,1009.42,NE,2022-02-05,unknown
2.4,73.0,25.83,1011.75,Unknown,2022-02-06,unknown
2.7,74.17,26.5,1012.08,Unknown,2022-02-07,unknown
2.18,70.0,26.83,1011.17,WN,2022-02-08,partly cloudy
2.1,73.67,26.92,1010.42,WN,2022-02-09,unknown
2.11,73.42,27.33,1009.75,Unknown,2022-02-10,unknown
2.0,65.83,28.08,1008.83,Unknown,2022-02-11,partly cloudy
2.6,68.42,27.92,1009.08,Unknown,2022-02-12,partly cloudy
2.0,69.33,27.92,1008.42,S,2022-02-13,partly cloudy
2.33,70.42,28.08,1008.58,Unknown,2022-02-14,unknown
2.33,70.0,27.92,1008.92,Unknown,2022-02-15,partly cloudy
2.4,73.83,27.42,1007.17,Unknown,2022-02-16,unknown
2.0,69.08,28.0,1006.08,S,2022-02-17,partly cloudy
2.33,67.83,27.92,1007.33,ES,2022-02-18,partly cloudy
2.73,70.58,28.0,1009.08,E,2022-02-19,unknown
2.67,74.67,28.25,1009.58,Unknown,2022-02-20,unknown
2.33,73.82,28.0,1009.09,N,2022-02-21,unknown
2.08,69.83,28.0,1009.75,WN,2022-02-22,partly cloudy
2.3,66.33,28.08,1011.0,Unknown,2022-02-23,partly cloudy
2.7,68.75,28.25,1012.92,Unknown,2022-02-24,partly cloudy
2.8,73.08,28.17,1011.58,Unknown,2022-02-25,unknown
2.42,69.75,28.25,1011.33,WN,2022-02-26,partly cloudy
2.09,68.5,28.5,1011.67,WN,2022-02-27,partly cloudy
2.36,71.58,28.33,1011.5,WN,2022-02-28,unknown
2.75,69.0,29.0,1011.22,Unknown,2022-03-01,partly cloudy
1.89,69.67,28.17,1010.5,Unknown,2022-03-02,partly cloudy
2.22,57.45,28.64,1009.82,Unknown,2022-03-03,sunshine
2.42,58.67,28.25,1009.92,ES,2022-03-04,sunshine
2.55,66.33,28.5,1009.75,E,2022-03-05,partly cloudy
2.67,69.75,28.58,1008.92,W,2022-03-06,partly cloudy
3.0,68.75,28.83,1009.0,Unknown,2022-03-07,partly cloudy
2.33,67.08,29.08,1009.33,SW,2022-03-08,partly cloudy
2.5,72.67,29.17,1009.25,W,2022-03-09,unknown
2.44,71.1,28.8,1009.5,WN,2022-03-10,unknown
2.67,71.83,29.08,1008.42,W,2022-03-11,unknown
2.91,74.67,29.08,1008.08,ES,2022-03-12,unknown
2.17,72.33,29.42,1007.83,W,2022-03-13,unknown
2.7,74.92,29.33,1008.5,S,2022-03-14,unknown
2.7,72.75,29.58,1008.25,W,2022-03-15,unknown
2.5,74.92,29.58,1007.75,WN,2022-03-16,unknown
2.75,78.75,29.33,1007.33,Unknown,2022-03-17,unknown
2.56,74.18,29.18,1007.09,W,2022-03-18,unknown
2.55,67.75,28.42,1007.67,E,2022-03-19,partly cloudy
2.91,73.09,27.55,1007.82,E,2022-03-20,unknown
2.73,71.36,29.18,1007.64,E,2022-03-21,unknown
3.0,73.58,28.92,1007.67,E,2022-03-22,unknown
2.75,76.83,28.92,1007.17,W,2022-03-23,unknown
2.25,82.25,27.17,1007.42,E,2022-03-24,raining
2.36,79.0,28.33,1008.5,ES,2022-03-25,unknown
2.5,73.58,27.92,1009.83,NE,2022-03-26,unknown
2.58,73.0,27.83,1010.17,NE,2022-03-27,unknown
2.82,70.0,28.42,1009.75,Unknown,2022-03-28,partly cloudy
2.78,69.75,28.42,1009.25,Unknown,2022-03-29,partly cloudy
2.4,68.5,28.67,1008.75,S,2022-03-30,partly cloudy
2.82,74.67,28.17,1009.08,Unknown,2022-03-31,unknown
3.33,69.78,29.33,1009.11,Unknown,2022-04-01,partly cloudy
2.42,71.08,28.08,1010.17,WN,2022-04-02,unknown
2.5,67.83,28.17,1009.25,N,2022-04-03,partly cloudy
3.3,69.92,28.5,1009.17,Unknown,2022-04-04,partly cloudy
3.0,70.92,29.08,1011.25,ES,2022-04-05,unknown
2.17,75.75,27.08,1012.0,N,2022-04-06,unknown
2.9,74.25,27.25,1010.58,Unknown,2022-04-07,unknown
2.44,80.42,26.5,1009.42,Unknown,2022-04-08,raining
2.89,81.5,26.17,1009.0,ES,2022-04-09,raining
2.83,77.0,27.08,1008.42,ES,2022-04-10,unknown
2.3,76.08,27.42,1007.42,N,2022-04-11,unknown
2.57,88.67,25.92,1006.75,NE,2022-04-12,raining
2.1,87.42,25.42,1006.17,E,2022-04-13,raining
3.33,78.64,26.36,1007.55,NE,2022-04-14,unknown
3.17,72.17,27.5,1007.42,E,2022-04-15,unknown
2.6,73.58,28.08,1006.5,Unknown,2022-04-16,unknown
3.09,72.58,28.17,1007.42,Unknown,2022-04-17,unknown
2.67,73.17,27.67,1009.25,E,2022-04-18,unknown
2.55,71.92,27.58,1009.92,N,2022-04-19,unknown
2.3,70.67,28.75,1007.58,WN,2022-04-20,unknown
2.42,73.58,29.17,1006.33,N,2022-04-21,unknown
2.18,72.58,28.5,1007.5,S,2022-04-22,unknown
2.5,75.83,26.75,1008.75,NE,2022-04-23,unknown
2.83,75.5,27.17,1007.83,E,2022-04-24,unknown
2.67,73.17,28.25,1006.92,NE,2022-04-25,unknown
2.62,73.17,29.42,1007.17,Unknown,2022-04-26,unknown
2.67,74.58,29.25,1006.42,Unknown,2022-04-27,unknown
3.29,74.33,29.58,1008.08,Unknown,2022-04-28,unknown
3.25,75.42,28.92,1008.33,Unknown,2022-04-29,unknown
3.18,79.58,26.67,1007.67,Unknown,2022-04-30,unknown
3.12,75.56,28.0,1007.22,Unknown,2022-05-01,unknown
3.0,75.33,27.58,1006.42,Unknown,2022-05-02,unknown
3.18,75.0,27.92,1006.67,N,2022-05-03,unknown
3.09,71.08,28.25,1007.5,ES,2022-05-04,unknown
3.08,77.83,26.33,1007.75,E,2022-05-05,unknown
3.17,75.0,27.0,1007.17,S,2022-05-06,unknown
2.82,74.08,27.83,1006.83,SW,2022-05-07,unknown
3.92,78.75,27.25,1005.17,NE,2022-05-08,unknown
3.56,75.2,27.8,1004.2,Unknown,2022-05-09,unknown
2.67,86.92,25.5,1005.0,W,2022-05-10,raining
2.25,92.5,23.75,1006.58,N,2022-05-11,raining
2.36,91.5,23.33,1006.67,ES,2022-05-12,raining
2.17,84.75,24.58,1006.33,N,2022-05-13,overcast
1.75,92.75,23.92,1006.58,Unknown,2022-05-14,raining
2.71,90.5,24.42,1007.42,Unknown,2022-05-15,raining
2.25,88.58,25.08,1006.33,E,2022-05-16,raining
2.55,88.92,24.42,1004.25,ES,2022-05-17,overcast
3.0,90.17,23.75,1004.08,Unknown,2022-05-18,raining
3.64,83.75,22.75,1008.0,W,2022-05-19,overcast
2.17,87.58,24.42,1008.5,NE,2022-05-20,overcast
2.6,90.0,24.82,1008.27,E,2022-05-21,overcast
2.18,88.0,24.5,1007.67,ES,2022-05-22,overcast
2.55,83.67,26.17,1006.08,S,2022-05-23,raining
3.0,82.0,27.58,1007.17,S,2022-05-24,raining
2.67,83.08,27.83,1008.25,WN,2022-05-25,raining
2.91,86.5,25.58,1009.5,SW,2022-05-26,raining
2.5,83.75,25.42,1009.25,NE,2022-05-27,raining
2.6,83.73,25.73,1008.64,NE,2022-05-28,raining
2.4,81.5,25.8,1008.1,NE,2022-05-29,raining
3.1,75.17,27.0,1007.42,Unknown,2022-05-30,unknown
2.64,80.36,26.0,1007.27,S,2022-05-31,raining
2.44,80.33,26.33,1007.11,Unknown,2022-06-01,raining
3.44,79.18,26.64,1007.36,Unknown,2022-06-02,unknown
2.83,83.5,26.42,1006.67,N,2022-06-03,raining
2.82,81.17,27.0,1005.92,WN,2022-06-04,raining
2.45,82.33,27.33,1006.25,W,2022-06-05,raining
2.9,79.5,26.92,1006.5,Unknown,2022-06-06,unknown
2.83,82.08,25.75,1007.75,ES,2022-06-07,raining
2.45,79.58,26.08,1007.83,Unknown,2022-06-08,unknown
3.42,73.33,27.42,1007.42,WN,2022-06-09,unknown
2.42,79.92,26.58,1008.0,W,2022-06-10,unknown
3.0,82.43,25.86,1008.57,Unknown,2022-06-11,raining
2.73,87.42,24.58,1009.08,Unknown,2022-06-12,overcast
2.73,80.0,25.5,1009.25,N,2022-06-13,raining
2.73,79.42,25.92,1008.33,N,2022-06-14,unknown
2.18,84.58,25.75,1007.75,S,2022-06-15,raining
3.18,83.5,25.58,1007.58,N,2022-06-16,raining
2.08,83.42,25.42,1007.08,WN,2022-06-17,raining
3.29,84.92,25.17,1007.42,Unknown,2022-06-18,raining
2.5,85.0,25.42,1008.0,WN,2022-06-19,raining
2.64,82.58,25.75,1007.5,W,2022-06-20,raining
2.4,86.83,24.08,1006.92,Unknown,2022-06-21,overcast
2.3,83.83,25.17,1007.5,SW,2022-06-22,raining
2.0,85.08,25.25,1008.58,S,2022-06-23,raining
2.36,83.92,25.33,1008.33,Unknown,2022-06-24,raining
2.33,89.42,24.08,1007.08,NE,2022-06-25,overcast
2.6,84.0,25.82,1006.64,Unknown,2022-06-26,raining
3.08,85.33,25.75,1008.17,S,2022-06-27,raining
2.67,87.83,24.25,1008.08,E,2022-06-28,overcast
2.73,87.36,24.0,1007.18,WN,2022-06-29,overcast
2.42,91.92,23.08,1007.08,WN,2022-06-30,raining
3.22,88.67,24.22,1007.33,Unknown,2022-07-01,overcast
2.89,86.6,24.9,1006.2,WN,2022-07-02,overcast
3.36,89.27,23.73,1006.82,WN,2022-07-03,overcast
3.5,92.83,22.75,1007.58,S,2022-07-04,raining
3.36,92.33,23.0,1006.5,WN,2022-07-05,raining
3.22,90.5,23.2,1007.7,SW,2022-07-06,raining
3.18,90.92,22.5,1009.83,W,2022-07-07,raining
2.83,86.5,23.67,1009.08,WN,2022-07-08,overcast
2.67,93.58,22.58,1007.67,W,2022-07-09,raining
3.75,91.5,23.58,1007.83,N,2022-07-10,raining
3.64,89.42,24.17,1009.83,WN,2022-07-11,overcast
3.27,91.18,23.73,1009.64,W,2022-07-12,raining
4.08,88.92,23.83,1007.75,W,2022-07-13,overcast
4.27,89.75,24.0,1006.42,Unknown,2022-07-14,overcast
3.75,89.33,23.83,1006.83,S,2022-07-15,overcast
2.17,93.17,22.92,1007.58,SW,2022-07-16,raining
2.36,91.0,23.83,1007.92,N,2022-07-17,raining
1.91,89.0,23.67,1008.58,N,2022-07-18,overcast
3.0,85.83,24.58,1008.33,S,2022-07-19,overcast
4.0,81.58,25.5,1007.67,WN,2022-07-20,raining
4.0,79.25,25.25,1007.42,W,2022-07-21,unknown
3.18,84.36,25.0,1008.45,Unknown,2022-07-22,overcast
2.75,85.0,24.67,1008.08,SW,2022-07-23,overcast
3.27,82.5,25.08,1008.25,WN,2022-07-24,raining
3.42,79.58,25.58,1008.33,W,2022-07-25,unknown
3.33,83.17,25.17,1009.08,WN,2022-07-26,raining
2.73,85.0,25.08,1007.92,W,2022-07-27,raining
3.7,80.75,26.0,1007.92,Unknown,2022-07-28,raining
2.67,83.75,26.17,1007.5,N,2022-07-29,raining
2.58,86.08,25.58,1007.17,WN,2022-07-30,raining
2.27,85.83,25.0,1005.33,N,2022-07-31,overcast
3.89,87.45,24.73,1005.27,Unknown,2022-08-01,overcast
4.33,91.0,22.67,1005.08,W,2022-08-02,raining
3.58,93.17,22.75,1004.42,SW,2022-08-03,raining
3.92,94.5,22.58,1005.58,W,2022-08-04,raining
3.73,93.09,22.36,1008.09,W,2022-08-05,raining
3.0,90.42,23.33,1007.33,N,2022-08-06,raining
3.33,90.5,23.5,1006.25,WN,2022-08-07,raining
4.17,89.33,24.5,1006.08,SW,2022-08-08,overcast
4.42,83.58,25.17,1006.33,SW,2022-08-09,raining
4.08,83.75,25.5,1006.5,W,2022-08-10,raining
4.36,85.91,25.0,1007.45,SW,2022-08-11,overcast
2.67,84.42,24.67,1008.67,N,2022-08-12,overcast
3.08,77.5,25.83,1008.42,N,2022-08-13,unknown
2.67,76.67,25.67,1009.08,W,2022-08-14,unknown
2.83,75.67,26.0,1009.0,WN,2022-08-15,unknown
3.55,79.73,25.55,1008.18,WN,2022-08-16,unknown
3.5,77.17,26.0,1009.0,WN,2022-08-17,unknown
3.5,83.5,25.17,1009.17,W,2022-08-18,raining
5.67,66.5,27.5,1008.0,Unknown,2022-08-19,partly cloudy
3.75,78.67,25.83,1008.92,W,2022-08-20,unknown
3.25,82.83,25.33,1008.67,WN,2022-08-21,raining
2.82,92.64,23.09,1008.55,W,2022-08-22,raining
2.75,92.5,23.17,1008.92,S,2022-08-23,raining
3.3,90.27,23.18,1010.18,Unknown,2022-08-24,raining
3.33,87.0,24.08,1008.5,SW,2022-08-25,overcast
3.67,84.58,24.75,1007.0,WN,2022-08-26,overcast
3.17,90.08,23.83,1007.75,W,2022-08-27,raining
3.33,83.33,24.42,1006.92,N,2022-08-28,overcast
3.0,85.58,25.0,1007.25,W,2022-08-29,overcast
2.58,86.42,25.17,1006.83,WN,2022-08-30,raining
2.42,87.42,24.75,1006.67,WN,2022-08-31,overcast
3.0,87.89,24.44,1006.78,Unknown,2022-09-01,overcast
3.08,84.67,24.83,1007.67,NE,2022-09-02,overcast
2.73,81.67,25.58,1008.08,N,2022-09-03,raining
2.45,80.5,26.42,1007.67,NE,2022-09-04,raining
3.0,83.08,26.42,1006.83,SW,2022-09-05,raining
2.6,89.75,24.0,1007.58,ES,2022-09-06,overcast
2.27,92.67,23.25,1008.5,E,2022-09-07,raining
2.67,89.5,23.58,1008.17,WN,2022-09-08,overcast
3.0,89.75,24.17,1007.67,SW,2022-09-09,overcast
3.22,92.73,23.64,1008.45,W,2022-09-10,raining
3.58,86.83,25.25,1008.25,SW,2022-09-11,raining
3.27,85.73,25.27,1007.91,SW,2022-09-12,raining
3.88,85.0,25.17,1009.33,Unknown,2022-09-13,raining
2.91,85.75,24.83,1011.25,N,2022-09-14,overcast
3.38,79.73,25.55,1012.0,Unknown,2022-09-15,unknown
3.25,81.08,25.58,1010.08,N,2022-09-16,raining
3.0,80.5,25.75,1009.75,WN,2022-09-17,raining
3.08,79.92,25.92,1010.0,WN,2022-09-18,unknown
2.5,79.75,26.17,1010.08,W,2022-09-19,unknown
2.92,77.83,25.83,1009.67,WN,2022-09-20,unknown
3.0,78.83,25.75,1009.42,WN,2022-09-21,unknown
3.09,76.08,26.0,1010.08,Unknown,2022-09-22,unknown
2.9,76.0,25.83,1010.67,WN,2022-09-23,unknown
3.11,77.25,25.33,1010.08,Unknown,2022-09-24,unknown
3.33,76.5,25.83,1008.17,WN,2022-09-25,unknown
3.64,75.82,25.82,1009.09,W,2022-09-26,unknown
3.33,78.92,25.75,1008.58,W,2022-09-27,unknown
3.82,78.82,25.64,1008.0,W,2022-09-28,unknown
3.0,78.09,25.36,1007.82,WN,2022-09-29,unknown
2.58,79.25,25.42,1009.08,WN,2022-09-30,unknown
2.67,79.56,25.0,1009.78,Unknown,2022-10-01,overcast
2.75,82.33,25.25,1009.0,W,2022-10-02,raining
3.36,81.92,25.42,1008.5,Unknown,2022-10-03,raining
3.17,82.75,25.25,1008.08,W,2022-10-04,raining
3.33,82.67,25.75,1007.5,W,2022-10-05,raining
2.58,90.67,24.42,1007.5,W,2022-10-06,raining
2.2,83.17,25.08,1008.25,W,2022-10-07,raining
2.67,81.42,24.75,1008.67,E,2022-10-08,overcast
3.12,80.0,25.27,1009.09,Unknown,2022-10-09,raining
2.6,79.33,25.0,1009.58,NE,2022-10-10,overcast
2.11,82.83,25.0,1009.25,Unknown,2022-10-11,overcast
2.0,80.5,25.58,1009.67,Unknown,2022-10-12,raining
2.9,80.92,25.5,1009.0,N,2022-10-13,raining
2.5,81.25,25.25,1008.75,E,2022-10-14,raining
2.82,80.58,25.92,1007.42,NE,2022-10-15,raining
2.33,85.75,25.25,1009.08,E,2022-10-16,raining
2.0,84.36,25.64,1010.91,E,2022-10-17,raining
2.58,89.83,24.08,1011.67,N,2022-10-18,overcast
2.17,86.83,24.42,1011.0,E,2022-10-19,overcast
2.8,86.25,24.58,1010.83,NE,2022-10-20,overcast
2.3,86.73,24.45,1011.73,WN,2022-10-21,overcast
2.45,83.08,25.42,1011.83,E,2022-10-22,raining
2.27,84.92,25.67,1011.5,E,2022-10-23,raining
2.27,82.58,25.75,1010.08,Unknown,2022-10-24,raining
3.5,74.42,25.83,1010.42,Unknown,2022-10-25,unknown
2.17,73.0,25.75,1010.92,NE,2022-10-26,unknown
2.25,74.08,26.0,1010.5,E,2022-10-27,unknown
2.42,75.08,26.0,1009.5,E,2022-10-28,unknown
2.18,74.83,26.0,1008.83,NE,2022-10-29,unknown
2.09,83.58,25.25,1009.92,N,2022-10-30,raining
2.27,80.82,26.0,1008.91,E,2022-10-31,raining
2.25,81.33,26.11,1010.67,Unknown,2022-11-01,raining
2.0,84.67,25.0,1009.83,E,2022-11-02,overcast
2.58,87.08,24.25,1009.17,N,2022-11-03,overcast
2.0,86.67,24.75,1010.08,E,2022-11-04,overcast
2.12,85.0,25.17,1011.75,ES,2022-11-05,raining
2.17,84.83,24.75,1012.33,E,2022-11-06,overcast
2.36,87.92,24.67,1011.92,E,2022-11-07,overcast
2.1,81.92,25.5,1011.08,E,2022-11-08,raining
2.55,78.83,26.58,1010.58,N,2022-11-09,unknown
2.58,78.0,26.58,1010.08,NE,2022-11-10,unknown
2.25,87.58,23.92,1010.17,NE,2022-11-11,overcast
1.73,89.08,23.5,1010.0,NE,2022-11-12,overcast
2.33,80.25,25.75,1009.42,E,2022-11-13,raining
2.91,76.58,26.42,1010.67,ES,2022-11-14,unknown
2.0,79.58,25.67,1011.92,NE,2022-11-15,unknown
2.33,81.17,25.92,1010.83,NE,2022-11-16,raining
2.27,78.42,26.08,1010.0,N,2022-11-17,unknown
2.4,75.08,25.83,1010.08,E,2022-11-18,unknown
2.18,71.25,25.42,1010.0,E,2022-11-19,unknown
2.0,70.25,25.08,1009.0,S,2022-11-20,unknown
2.18,71.75,25.0,1008.83,E,2022-11-21,overcast
2.5,69.75,24.67,1009.25,NE,2022-11-22,cloudy
3.14,72.91,24.82,1010.09,Unknown,2022-11-23,overcast
2.2,77.5,25.33,1010.08,Unknown,2022-11-24,unknown
2.3,77.58,26.42,1010.33,Unknown,2022-11-25,unknown
2.17,81.92,25.92,1009.83,NE,2022-11-26,raining
2.09,89.5,24.33,1008.67,E,2022-11-27,overcast
2.0,86.67,24.58,1009.08,NE,2022-11-28,overcast
2.11,83.33,25.42,1009.5,E,2022-11-29,raining
2.0,80.33,26.0,1009.75,NE,2022-11-30,raining
2.11,72.44,26.44,1009.67,Unknown,2022-12-01,unknown
2.0,76.42,26.33,1009.17,Unknown,2022-12-02,unknown
2.33,77.0,26.75,1009.17,Unknown,2022-12-03,unknown
2.4,84.83,25.58,1009.83,NE,2022-12-04,raining
2.0,82.92,25.25,1010.42,E,2022-12-05,raining
2.6,80.33,25.67,1009.92,Unknown,2022-12-06,raining
2.8,78.0,25.33,1009.75,Unknown,2022-12-07,unknown
2.09,75.5,24.83,1008.67,E,2022-12-08,overcast
2.22,71.17,24.08,1007.33,Unknown,2022-12-09,overcast
2.18,84.18,22.55,1007.0,E,2022-12-10,overcast
2.25,84.75,23.42,1007.67,E,2022-12-11,overcast
2.58,88.67,22.83,1008.33,SW,2022-12-12,overcast
3.08,76.58,25.42,1009.25,ES,2022-12-13,unknown
2.45,75.92,25.33,1010.17,NE,2022-12-14,unknown
2.67,76.92,24.83,1009.5,NE,2022-12-15,overcast
2.91,75.83,24.42,1009.25,E,2022-12-16,overcast
2.64,73.83,25.25,1009.75,N,2022-12-17,unknown
2.09,76.5,25.08,1008.92,E,2022-12-18,unknown
2.92,70.25,25.92,1007.92,E,2022-12-19,unknown
2.25,65.17,25.58,1007.67,NE,2022-12-20,partly cloudy
2.42,70.0,26.0,1008.33,S,2022-12-21,partly cloudy
2.75,56.67,25.75,1008.17,E,2022-12-22,sunshine
2.73,56.42,25.08,1008.67,NE,2022-12-23,sunshine
2.5,69.0,25.08,1009.5,Unknown,2022-12-24,partly cloudy
2.17,71.17,25.5,1009.25,NE,2022-12-25,unknown
2.73,80.67,26.0,1010.08,ES,2022-12-26,raining
2.18,75.92,26.83,1011.42,ES,2022-12-27,unknown
1.82,68.58,27.0,1013.0,NE,2022-12-28,partly cloudy
2.64,76.5,26.83,1014.17,Unknown,2022-12-29,unknown
2.55,73.92,26.17,1015.25,ES,2022-12-30,unknown
2.5,72.08,25.17,1015.17,E,2022-12-31,unknown
2.75,73.33,28.0,1014.33,N,2023-01-01,unknown
2.42,67.33,27.25,1013.5,E,2023-01-02,partly cloudy
2.5,68.83,27.5,1013.92,N,2023-01-03,partly cloudy
2.33,68.58,27.09,1012.75,N,2023-01-04,partly cloudy
2.17,64.5,26.67,1012.67,E,2023-01-05,partly cloudy
2.08,67.83,26.67,1013.33,N,2023-01-06,partly cloudy
1.83,68.42,27.08,1013.0,N,2023-01-07,partly cloudy
2.5,69.08,27.17,1012.42,E,2023-01-08,partly cloudy
2.25,71.33,27.33,1013.25,S,2023-01-09,unknown
2.17,65.08,27.58,1012.83,N,2023-01-10,partly cloudy
2.58,62.75,27.0,1011.92,E,2023-01-11,partly cloudy
2.33,66.25,26.33,1011.0,E,2023-01-12,partly cloudy
2.25,72.25,25.67,1011.67,E,2023-01-13,unknown
3.08,70.08,25.75,1011.33,NE,2023-01-14,unknown
2.08,64.08,26.5,926.33,NE,2023-01-15,partly cloudy
2.58,68.42,26.92,1010.75,NE,2023-01-16,partly cloudy
2.08,67.33,27.25,1011.42,E,2023-01-17,partly cloudy
2.17,67.5,27.55,1012.0,E,2023-01-18,partly cloudy
2.5,62.83,27.25,1012.5,ES,2023-01-19,partly cloudy
2.92,57.5,26.83,1012.25,NE,2023-01-20,sunshine
2.58,62.5,26.67,1011.83,E,2023-01-21,partly cloudy
2.17,64.25,26.83,1010.58,E,2023-01-22,partly cloudy
1.83,61.42,26.08,1009.58,N,2023-01-23,partly cloudy
1.92,75.42,25.33,1010.67,N,2023-01-24,unknown
2.33,79.58,25.0,1010.25,N,2023-01-25,overcast
2.0,72.17,25.58,1010.0,N,2023-01-26,unknown
2.25,69.08,26.5,1009.92,N,2023-01-27,partly cloudy
1.92,70.5,28.0,1009.75,N,2023-01-28,unknown
2.58,67.5,27.33,1008.58,NE,2023-01-29,partly cloudy
2.42,67.75,28.0,1010.0,E,2023-01-30,partly cloudy
2.58,72.5,28.0,1009.67,W,2023-01-31,unknown
1.92,44.42,28.67,756.5,N,2023-02-01,unknown
1.75,68.17,27.75,1009.33,N,2023-02-02,partly cloudy
4.17,68.67,27.25,1009.92,ES,2023-02-03,partly cloudy
2.08,68.33,26.25,1009.42,NE,2023-02-04,partly cloudy
2.0,72.5,25.25,1009.0,N,2023-02-05,unknown
2.83,69.33,25.83,1009.92,WN,2023-02-06,partly cloudy
2.33,69.25,26.5,1010.33,WN,2023-02-07,partly cloudy
2.17,73.5,26.83,1009.58,WN,2023-02-08,unknown
2.25,77.42,26.92,1010.58,W,2023-02-09,unknown
2.17,73.75,27.33,1011.67,N,2023-02-10,unknown
2.25,71.5,28.08,1011.58,N,2023-02-11,unknown
2.25,70.75,27.92,1011.83,N,2023-02-12,unknown
2.33,67.75,27.92,1011.17,W,2023-02-13,partly cloudy
2.33,64.17,28.08,1011.83,E,2023-02-14,partly cloudy
2.75,63.58,27.92,1010.33,N,2023-02-15,partly cloudy
2.5,74.25,27.42,1009.92,NE,2023-02-16,unknown
1.92,62.83,28.0,926.33,WN,2023-02-17,partly cloudy
2.67,68.33,27.92,1011.5,N,2023-02-18,partly cloudy
3.0,69.83,28.0,1011.67,NE,2023-02-19,partly cloudy
2.67,73.92,28.25,1011.5,WN,2023-02-20,unknown
2.42,74.33,28.0,1011.58,WN,2023-02-21,unknown
1.83,73.33,28.0,1010.92,N,2023-02-22,unknown
2.67,60.42,28.08,1010.75,ES,2023-02-23,partly cloudy
2.67,63.33,28.25,1011.58,E,2023-02-24,partly cloudy
2.58,64.58,28.17,1012.83,N,2023-02-25,partly cloudy
2.42,67.0,28.25,1013.33,ES,2023-02-26,partly cloudy
2.25,59.25,28.5,1014.0,S,2023-02-27,sunshine
2.5,61.83,28.33,1013.67,NE,2023-02-28,partly cloudy
1.83,43.5,29.0,759.92,N,2023-03-01,unknown
2.58,64.33,28.17,1013.67,S,2023-03-02,partly cloudy
2.0,55.17,28.64,929.42,WN,2023-03-03,partly cloudy
2.58,54.67,28.25,1013.83,WN,2023-03-04,sunshine
2.67,63.75,28.5,1013.75,N,2023-03-05,partly cloudy
2.67,65.42,28.58,1012.58,S,2023-03-06,partly cloudy
2.5,66.92,28.83,1011.92,NE,2023-03-07,partly cloudy
2.67,59.5,29.08,1010.92,W,2023-03-08,sunshine
1.92,61.75,29.17,1010.42,WN,2023-03-09,partly cloudy
2.33,63.67,28.8,1010.42,W,2023-03-10,partly cloudy
2.92,62.58,29.08,926.5,E,2023-03-11,partly cloudy
3.33,69.25,29.08,1010.08,N,2023-03-12,partly cloudy
3.25,73.5,29.42,1009.58,WN,2023-03-13,unknown
2.75,69.58,29.33,1008.58,N,2023-03-14,partly cloudy
2.83,71.0,29.58,1008.17,ES,2023-03-15,unknown
2.58,68.58,29.58,1009.33,E,2023-03-16,partly cloudy
3.08,65.5,29.33,1009.17,WN,2023-03-17,partly cloudy
2.75,68.0,29.18,1008.92,S,2023-03-18,partly cloudy
1.92,67.5,28.42,1008.83,N,2023-03-19,partly cloudy
2.67,61.25,27.55,1008.25,WN,2023-03-20,partly cloudy
3.08,52.83,29.18,1008.17,WN,2023-03-21,partly cloudy
2.83,64.33,28.92,1008.83,WN,2023-03-22,partly cloudy
3.0,68.67,28.92,1008.67,N,2023-03-23,partly cloudy
2.58,71.0,27.17,1008.92,N,2023-03-24,unknown
3.17,71.92,28.33,1010.08,ES,2023-03-25,unknown
2.83,64.08,27.92,1009.83,WN,2023-03-26,partly cloudy
2.33,62.33,27.83,1009.42,N,2023-03-27,partly cloudy
2.5,64.75,28.42,1008.5,W,2023-03-28,partly cloudy
2.17,76.0,28.42,1010.0,S,2023-03-29,unknown
2.5,72.67,28.67,1009.67,N,2023-03-30,unknown
3.25,64.0,28.17,1008.92,WN,2023-03-31,partly cloudy
2.33,50.75,29.33,757.17,N,2023-04-01,unknown
2.75,65.83,28.08,1009.25,W,2023-04-02,partly cloudy
3.75,64.67,28.17,1008.67,WN,2023-04-03,partly cloudy
1.58,71.67,28.5,1010.17,N,2023-04-04,unknown
2.83,72.33,29.08,1009.17,N,2023-04-05,unknown
2.67,67.92,27.08,1009.25,N,2023-04-06,partly cloudy
3.17,71.5,27.25,1010.25,N,2023-04-07,unknown
2.5,73.08,26.5,1011.33,W,2023-04-08,unknown
2.08,65.42,26.17,927.58,ES,2023-04-09,partly cloudy
2.5,70.0,27.08,1010.67,N,2023-04-10,partly cloudy
2.42,71.58,27.42,1010.58,N,2023-04-11,unknown
2.42,72.08,25.92,1010.5,WN,2023-04-12,unknown
2.17,60.42,25.42,841.83,N,2023-04-13,unknown
2.92,71.83,26.36,1010.33,W,2023-04-14,unknown
1.92,70.0,27.5,1009.58,N,2023-04-15,partly cloudy
2.17,58.67,28.08,840.5,N,2023-04-16,unknown
1.75,56.75,28.17,756.42,N,2023-04-17,unknown
2.67,71.25,27.67,1009.08,N,2023-04-18,unknown
2.75,67.5,27.58,1008.17,W,2023-04-19,partly cloudy
2.0,69.17,28.75,1006.5,N,2023-04-20,partly cloudy
2.08,65.17,29.17,922.5,W,2023-04-21,partly cloudy
2.83,67.17,28.5,1006.25,W,2023-04-22,partly cloudy
3.17,64.08,26.75,1006.42,N,2023-04-23,partly cloudy
2.83,67.0,27.17,1007.17,WN,2023-04-24,partly cloudy
3.33,74.5,28.25,1008.17,N,2023-04-25,unknown
1.75,50.67,29.42,672.0,E,2023-04-26,unknown
3.25,73.67,29.25,1007.83,N,2023-04-27,unknown
2.25,68.08,29.58,924.67,S,2023-04-28,partly cloudy
2.67,70.25,28.92,924.08,N,2023-04-29,unknown
2.5,74.17,26.67,1007.0,N,2023-04-30,unknown
2.25,55.58,28.0,755.08,N,2023-05-01,unknown
2.25,60.08,27.58,755.67,SW,2023-05-02,unknown
3.08,57.5,27.92,840.67,N,2023-05-03,unknown
2.58,67.92,28.25,1008.33,W,2023-05-04,partly cloudy
2.75,65.33,26.33,924.08,N,2023-05-05,partly cloudy
3.67,67.83,27.0,1007.5,NE,2023-05-06,partly cloudy
3.08,70.5,27.83,1008.0,WN,2023-05-07,unknown
2.83,67.0,27.25,1007.0,SW,2023-05-08,partly cloudy
2.75,60.0,27.8,923.08,WN,2023-05-09,partly cloudy
2.67,71.92,25.5,1006.5,E,2023-05-10,unknown
2.58,72.83,23.75,1007.92,NE,2023-05-11,overcast
2.58,73.75,23.33,1009.08,S,2023-05-12,overcast
2.42,72.17,24.58,1009.92,S,2023-05-13,overcast
3.17,73.33,23.92,1008.83,N,2023-05-14,overcast
3.17,69.17,24.42,1009.0,W,2023-05-15,cloudy
3.25,69.08,25.08,1009.67,WN,2023-05-16,partly cloudy
3.0,69.08,24.42,1009.58,WN,2023-05-17,cloudy
3.08,69.83,23.75,1010.5,WN,2023-05-18,cloudy
3.08,69.17,22.75,1010.17,E,2023-05-19,cloudy
3.17,70.83,24.42,1009.17,W,2023-05-20,overcast
3.25,71.42,24.82,1009.83,N,2023-05-21,overcast
2.75,63.92,24.5,925.83,WN,2023-05-22,cloudy
2.33,64.67,26.17,926.58,E,2023-05-23,partly cloudy
2.17,72.83,27.58,1011.08,NE,2023-05-24,unknown
3.25,71.33,27.83,1011.67,E,2023-05-25,unknown
2.17,79.17,25.58,1012.25,WN,2023-05-26,unknown
3.33,70.25,25.42,1009.75,NE,2023-05-27,unknown
4.25,66.08,25.73,1008.5,WN,2023-05-28,partly cloudy
2.42,63.17,25.8,923.92,N,2023-05-29,partly cloudy
2.5,74.58,27.0,1009.17,E,2023-05-30,unknown
3.83,75.33,26.0,1008.92,E,2023-05-31,unknown
1.83,56.08,26.33,757.08,N,2023-06-01,unknown
3.17,76.33,26.64,1009.17,N,2023-06-02,unknown
2.5,73.0,26.42,1008.83,NE,2023-06-03,unknown
2.67,66.42,27.0,1009.08,N,2023-06-04,partly cloudy
3.83,62.17,27.33,924.58,N,2023-06-05,partly cloudy
3.5,75.75,26.92,1008.17,N,2023-06-06,unknown
2.5,87.75,25.75,1008.92,WN,2023-06-07,raining
3.0,82.58,26.08,1009.33,NE,2023-06-08,raining
2.58,73.92,27.42,924.83,W,2023-06-09,unknown
2.17,85.92,26.58,1008.0,NE,2023-06-10,raining
2.75,87.33,25.86,1007.33,E,2023-06-11,raining
3.42,93.33,24.58,1007.5,E,2023-06-12,raining
2.33,88.67,25.5,1008.17,N,2023-06-13,raining
1.92,83.83,25.92,1009.67,N,2023-06-14,raining
3.08,74.58,25.75,1009.17,WN,2023-06-15,unknown
2.58,83.17,25.58,1008.92,W,2023-06-16,raining
3.33,78.33,25.42,1009.0,N,2023-06-17,unknown
3.67,76.83,25.17,1009.08,N,2023-06-18,unknown
2.92,78.08,25.42,1007.17,S,2023-06-19,unknown
2.42,83.25,25.75,1006.5,W,2023-06-20,raining
2.58,82.75,24.08,1006.92,S,2023-06-21,overcast
2.83,76.67,25.17,1007.5,W,2023-06-22,unknown
2.6,79.42,25.25,1008.33,W,2023-06-23,unknown
1.83,72.33,25.33,924.08,NE,2023-06-24,unknown
2.42,81.5,24.08,1007.58,ES,2023-06-25,overcast
2.5,85.08,25.82,1009.17,N,2023-06-26,raining
2.83,93.33,25.75,1009.75,SW,2023-06-27,raining
2.25,89.08,24.25,1009.92,E,2023-06-28,overcast
1.75,84.75,24.0,1010.92,N,2023-06-29,overcast
2.17,79.92,23.08,1010.17,S,2023-06-30,overcast
2.67,59.92,24.22,757.58,N,2023-07-01,unknown
2.92,84.25,24.9,1009.33,WN,2023-07-02,overcast
2.75,92.0,23.73,1008.92,NE,2023-07-03,raining
2.5,88.67,22.75,923.83,ES,2023-07-04,overcast
2.0,95.58,23.0,1006.5,NE,2023-07-05,raining
2.67,95.0,23.2,1008.5,S,2023-07-06,raining
2.58,92.58,22.5,1010.17,SW,2023-07-07,raining
2.0,92.75,23.67,1011.0,WN,2023-07-08,raining
2.5,86.25,22.58,1009.83,S,2023-07-09,overcast
2.83,85.0,23.58,1009.08,W,2023-07-10,overcast
1.83,86.17,24.17,1008.75,S,2023-07-11,overcast
2.92,83.5,23.73,1008.5,W,2023-07-12,overcast
2.58,86.67,23.83,1009.33,WN,2023-07-13,overcast
3.17,81.42,24.0,1010.5,WN,2023-07-14,overcast
2.58,82.83,23.83,1010.33,W,2023-07-15,overcast
3.33,82.58,22.92,1009.42,W,2023-07-16,overcast
2.08,84.25,23.83,1009.08,N,2023-07-17,overcast
4.0,82.83,23.67,1009.17,W,2023-07-18,overcast
3.67,86.5,24.58,1007.83,W,2023-07-19,overcast
3.67,83.83,25.5,1007.75,W,2023-07-20,raining
4.0,84.5,25.25,1008.75,W,2023-07-21,raining
3.58,90.08,25.0,1010.33,W,2023-07-22,raining
3.0,90.92,24.67,1010.42,W,2023-07-23,raining
1.5,94.0,25.08,1009.5,NE,2023-07-24,raining
2.58,91.42,25.58,1010.17,N,2023-07-25,raining
2.58,91.42,25.17,1011.08,NE,2023-07-26,raining
2.58,87.5,25.08,1011.33,WN,2023-07-27,raining
3.67,83.17,26.0,1010.83,W,2023-07-28,raining
3.58,80.67,26.17,1010.5,W,2023-07-29,raining
3.92,79.75,25.58,1010.17,WN,2023-07-30,unknown
3.25,82.5,25.0,1009.67,W,2023-07-31,overcast
2.92,83.0,24.73,1010.42,W,2023-08-01,overcast
3.0,81.92,22.67,1010.92,W,2023-08-02,overcast
2.92,74.33,22.75,926.25,WN,2023-08-03,overcast
2.67,71.42,22.58,927.33,WN,2023-08-04,overcast
2.67,81.75,22.36,1012.75,N,2023-08-05,overcast
3.17,81.33,23.33,1011.67,WN,2023-08-06,overcast
3.42,81.08,23.5,1009.92,WN,2023-08-07,overcast
2.75,82.42,24.5,1009.92,W,2023-08-08,overcast
2.75,78.58,25.17,1010.92,W,2023-08-09,unknown
3.33,81.08,25.5,1010.92,W,2023-08-10,raining
3.17,81.08,25.0,1010.17,W,2023-08-11,overcast
3.5,81.5,24.67,1010.33,WN,2023-08-12,overcast
3.67,71.83,25.83,925.92,W,2023-08-13,unknown
3.0,77.83,25.67,1010.25,N,2023-08-14,unknown
2.5,75.25,26.0,1010.58,W,2023-08-15,unknown
2.83,78.0,25.55,1010.75,W,2023-08-16,unknown
2.5,79.08,26.0,1011.0,SW,2023-08-17,unknown
2.58,79.92,25.17,1010.17,W,2023-08-18,unknown
1.25,63.67,27.5,757.58,N,2023-08-19,unknown
3.25,78.58,25.83,1008.92,W,2023-08-20,unknown
3.83,78.83,25.33,1008.08,WN,2023-08-21,unknown
3.25,79.33,23.09,1007.83,WN,2023-08-22,overcast
3.58,77.42,23.17,1008.67,W,2023-08-23,overcast
2.5,80.67,23.18,1008.83,W,2023-08-24,overcast
2.42,78.25,24.08,1008.92,W,2023-08-25,overcast
2.33,71.0,24.75,925.42,N,2023-08-26,overcast
2.17,80.83,23.83,1010.42,W,2023-08-27,overcast
2.25,70.42,24.42,925.58,S,2023-08-28,overcast
3.42,77.08,25.0,1008.58,S,2023-08-29,overcast
3.58,75.42,25.17,1008.83,WN,2023-08-30,unknown
2.67,74.08,24.75,1008.67,W,2023-08-31,overcast
2.42,52.42,24.44,756.42,N,2023-09-01,unknown
2.67,75.5,24.83,1009.08,NE,2023-09-02,overcast
2.75,79.33,25.58,1008.33,SW,2023-09-03,unknown
3.08,85.0,26.42,1007.67,S,2023-09-04,raining
2.0,89.0,26.42,1007.75,W,2023-09-05,raining
1.92,82.92,24.0,923.83,NE,2023-09-06,overcast
2.08,94.5,23.25,1008.83,ES,2023-09-07,raining
2.42,91.42,23.58,1010.33,N,2023-09-08,raining
2.75,77.83,24.17,925.0,N,2023-09-09,overcast
2.5,91.08,23.64,1009.17,SW,2023-09-10,raining
3.67,83.25,25.25,1009.42,S,2023-09-11,raining
3.25,82.5,25.27,1009.17,E,2023-09-12,raining
2.75,78.25,25.17,1009.08,WN,2023-09-13,unknown
3.33,86.83,24.83,1009.5,S,2023-09-14,overcast
2.08,90.08,25.55,1010.0,NE,2023-09-15,raining
2.0,89.67,25.58,1010.17,ES,2023-09-16,raining
2.0,91.25,25.75,1009.17,S,2023-09-17,raining
1.75,88.92,25.92,1008.92,N,2023-09-18,raining
2.17,87.5,26.17,1010.08,N,2023-09-19,raining
2.08,80.75,25.83,1010.17,N,2023-09-20,raining
2.58,78.33,25.75,1010.0,WN,2023-09-21,unknown
2.58,84.67,26.0,1009.33,W,2023-09-22,raining
3.17,84.83,25.83,1009.92,E,2023-09-23,raining
2.9,84.92,25.33,1010.58,E,2023-09-24,raining
2.5,83.42,25.83,1009.25,SW,2023-09-25,raining
2.25,84.33,25.82,1008.92,WN,2023-09-26,raining
2.25,83.83,25.75,1009.17,NE,2023-09-27,raining
2.17,94.67,25.64,1009.42,NE,2023-09-28,raining
1.92,86.08,25.36,925.42,E,2023-09-29,raining
2.08,94.17,25.42,1010.33,E,2023-09-30,raining
1.67,73.0,25.0,757.67,N,2023-10-01,unknown
2.58,94.92,25.25,1010.25,N,2023-10-02,raining
1.92,84.42,25.42,1010.42,ES,2023-10-03,raining
2.33,79.25,25.25,1010.5,NE,2023-10-04,unknown
2.5,75.92,25.75,1010.25,WN,2023-10-05,unknown
2.58,77.83,24.42,1009.58,N,2023-10-06,overcast
1.92,77.33,25.08,1009.17,WN,2023-10-07,unknown
2.83,75.58,24.75,1010.33,N,2023-10-08,overcast
2.0,73.33,25.27,1011.83,N,2023-10-09,unknown
2.42,86.17,25.0,1011.5,E,2023-10-10,overcast
2.5,89.58,25.0,1011.17,NE,2023-10-11,overcast
2.0,87.42,25.58,1011.75,N,2023-10-12,raining
2.33,85.33,25.5,1011.75,E,2023-10-13,raining
2.25,84.17,25.25,1012.33,ES,2023-10-14,raining
1.42,90.33,25.92,1011.25,NE,2023-10-15,raining
2.5,84.17,25.25,1010.83,S,2023-10-16,raining
2.33,84.25,25.64,1011.33,E,2023-10-17,raining
1.75,77.17,24.08,927.17,NE,2023-10-18,overcast
2.0,82.33,24.42,1011.5,E,2023-10-19,overcast
2.17,83.08,24.58,1011.5,S,2023-10-20,overcast
2.08,86.75,24.45,1011.83,NE,2023-10-21,overcast
2.05,84.5,25.42,1012.17,N,2023-10-22,raining
2.42,86.17,25.67,1011.75,NE,2023-10-23,raining
2.08,82.0,25.75,1011.25,E,2023-10-24,raining
2.33,80.75,25.83,1012.0,E,2023-10-25,raining
2.0,82.33,25.75,1011.83,N,2023-10-26,raining
1.92,84.58,26.0,1010.42,N,2023-10-27,raining
2.17,81.67,26.0,926.17,E,2023-10-28,raining
2.5,86.92,26.0,1010.25,NE,2023-10-29,raining
1.92,87.33,25.25,1010.33,E,2023-10-30,raining
2.25,86.33,26.0,1010.83,N,2023-10-31,raining
1.92,62.67,26.11,758.0,N,2023-11-01,unknown
1.92,86.0,25.0,1010.0,NE,2023-11-02,overcast
1.83,84.5,24.25,1008.67,N,2023-11-03,overcast
2.17,89.67,24.75,1009.17,NE,2023-11-04,overcast
1.83,90.58,25.17,1010.67,NE,2023-11-05,raining
2.42,83.17,24.75,1011.58,E,2023-11-06,overcast
2.08,84.83,24.67,1011.33,NE,2023-11-07,overcast
2.25,76.92,25.5,926.5,NE,2023-11-08,unknown
2.08,86.92,26.58,1011.42,SW,2023-11-09,raining
2.42,82.5,26.58,1011.83,E,2023-11-10,raining
1.33,80.25,23.92,1011.58,E,2023-11-11,overcast
2.25,73.17,23.5,1012.0,W,2023-11-12,overcast
2.33,74.92,25.75,1011.33,E,2023-11-13,unknown
2.0,76.0,26.42,1010.92,NE,2023-11-14,unknown
2.33,75.17,25.67,1010.92,E,2023-11-15,unknown
2.17,77.08,25.92,1011.17,N,2023-11-16,unknown
2.0,80.75,26.08,1011.0,N,2023-11-17,raining
1.92,84.75,25.83,1010.67,W,2023-11-18,raining
1.92,80.08,25.42,1010.75,N,2023-11-19,raining
2.42,74.17,25.08,1010.33,ES,2023-11-20,unknown
2.17,74.42,25.0,1009.67,E,2023-11-21,overcast
2.83,84.58,24.67,1009.42,E,2023-11-22,overcast
2.0,92.08,24.82,1008.83,ES,2023-11-23,raining
1.58,84.58,25.33,1008.83,N,2023-11-24,raining
2.08,79.17,26.42,1010.0,NE,2023-11-25,unknown
2.0,77.75,25.92,1010.25,E,2023-11-26,unknown
2.0,72.58,24.33,1009.67,E,2023-11-27,overcast
2.08,75.17,24.58,1009.25,E,2023-11-28,overcast
2.25,76.08,25.42,1009.08,E,2023-11-29,unknown
2.0,78.17,26.0,1009.75,S,2023-11-30,unknown
1.5,58.33,26.44,756.92,N,2023-12-01,unknown
2.25,80.0,26.33,1008.0,NE,2023-12-02,raining
2.33,81.0,26.75,1008.08,E,2023-12-03,raining
2.0,83.08,25.58,1007.25,WN,2023-12-04,raining
1.83,78.5,25.25,1007.42,WN,2023-12-05,unknown
2.33,80.83,25.67,1008.83,E,2023-12-06,raining
2.17,71.25,25.33,925.42,E,2023-12-07,unknown
2.25,80.83,24.83,1010.0,E,2023-12-08,overcast
2.42,81.42,24.08,1010.75,S,2023-12-09,overcast
2.42,82.17,22.55,1009.83,N,2023-12-10,overcast
1.5,78.25,23.42,926.08,E,2023-12-11,overcast
2.08,82.42,22.83,1009.58,W,2023-12-12,overcast
2.0,73.75,25.42,1009.5,S,2023-12-13,unknown
2.75,64.42,25.33,1010.83,E,2023-12-14,partly cloudy
2.08,71.08,24.83,1011.42,NE,2023-12-15,overcast
2.0,76.75,24.42,1010.92,E,2023-12-16,overcast
1.42,77.58,25.25,1009.83,E,2023-12-17,unknown
2.25,75.58,25.08,1010.25,E,2023-12-18,unknown
2.58,66.67,25.92,1010.58,N,2023-12-19,partly cloudy
2.17,68.58,25.58,1011.08,ES,2023-12-20,partly cloudy
2.42,72.17,26.0,1011.08,E,2023-12-21,unknown
2.25,76.17,25.75,1011.67,NE,2023-12-22,unknown
2.5,71.83,25.08,1012.0,N,2023-12-23,unknown
2.58,65.5,25.08,1012.92,NE,2023-12-24,partly cloudy
1.67,69.92,25.5,1012.42,N,2023-12-25,partly cloudy
2.92,61.17,26.0,928.08,S,2023-12-26,partly cloudy
2.17,64.08,26.83,1012.25,ES,2023-12-27,partly cloudy
2.42,63.25,27.0,1011.08,ES,2023-12-28,partly cloudy
2.42,65.33,26.83,1011.0,ES,2023-12-29,partly cloudy
2.25,63.33,26.17,926.75,ES,2023-12-30,partly cloudy
2.5,67.17,25.17,1010.83,NE,2023-12-31,partly cloudy
